File,for/loops,while/loops,do-while/loops,total
crypto/x509/libcrypto-shlib-pcy_tree.c,8,2,9,19
crypto/rsa/libcrypto-shlib-rsa_schemes.c,0,0,1,1
crypto/cms/libcrypto-lib-cms_kari.c,1,0,0,1
crypto/ml_dsa/libcrypto-shlib-ml_dsa_sample.c,1,2,5,8
crypto/aes/libcrypto-lib-aes-x86_64.c,5,3,6,14
crypto/evp/libcrypto-shlib-e_sm4.c,0,0,1,1
providers/implementations/rands/libdefault-lib-drbg.c,0,0,7,7
apps/openssl-bin-dsaparam.c,0,1,0,1
ssl/quic/libssl-shlib-quic_demux.c,0,5,3,8
test/provider_pkey_test-bin-provider_pkey_test.c,0,3,1,4
ssl/quic/libssl-lib-quic_record_tx.c,0,5,7,12
crypto/bio/libcrypto-lib-bss_mem.c,0,0,1,1
engines/padlock-dso-e_padlock-x86_64.c,16,3,9,28
crypto/slh_dsa/libcrypto-lib-slh_xmss.c,0,0,2,2
crypto/md5/libcrypto-lib-md5_dgst.c,0,0,3,3
crypto/bn/libcrypto-shlib-bn_nist.c,1,0,4,5
crypto/x509/libcrypto-shlib-v3_info.c,0,0,2,2
engines/padlock-dso-e_padlock.c,2,1,14,17
crypto/crmf/libcrypto-shlib-crmf_pbm.c,0,0,1,1
crypto/cmp/libcrypto-lib-cmp_hdr.c,0,1,1,2
crypto/asn1/libcrypto-lib-a_i2d_fp.c,1,1,0,2
test/list_test-bin-list_test.c,0,0,4,4
test/sslapitest-bin-tls-provider.c,1,3,28,32
crypto/ocsp/libcrypto-lib-ocsp_vfy.c,0,1,2,3
ssl/libssl-lib-t1_lib.c,9,15,59,83
providers/implementations/ciphers/libdefault-lib-cipher_chacha20_hw.c,0,2,3,5
crypto/bf/libcrypto-lib-bf_enc.c,0,0,2,2
crypto/x509/libcrypto-shlib-v3_sxnet.c,0,1,2,3
crypto/bio/libcrypto-shlib-bio_print.c,2,4,14,20
crypto/x509/libcrypto-lib-x509_cmp.c,2,4,2,8
crypto/ec/libcrypto-shlib-ecx_meth.c,2,0,0,2
crypto/rc2/libcrypto-shlib-rc2cfb64.c,0,0,2,2
crypto/libcrypto-shlib-x86_64cpuid.c,1,2,10,13
crypto/des/libcrypto-lib-rand_key.c,0,0,1,1
apps/openssl-bin-rsautl.c,0,1,1,2
ssl/quic/libssl-shlib-quic_sstream.c,0,2,8,10
test/helpers/cmp_client_test-bin-cmp_testlib.c,0,1,0,1
crypto/slh_dsa/libcrypto-shlib-slh_hypertree.c,0,0,2,2
ssl/record/methods/libssl-shlib-tls_common.c,2,6,18,26
fuzz/hashtable-test-bin-fuzz_rand.c,0,0,1,1
crypto/x509/libcrypto-lib-v3_admis.c,2,2,0,4
crypto/x509/libcrypto-lib-v3_sda.c,1,0,1,2
crypto/ts/libcrypto-shlib-ts_conf.c,1,3,0,4
crypto/ec/libcrypto-lib-eck_prn.c,2,0,1,3
crypto/srp/libcrypto-shlib-srp_vfy.c,6,2,1,9
crypto/x509/libcrypto-lib-v3_bitst.c,0,2,2,4
crypto/modes/libcrypto-lib-cfb128.c,0,0,8,8
crypto/engine/libcrypto-lib-eng_fat.c,0,1,1,2
providers/implementations/keymgmt/libdefault-lib-dsa_kmgmt.c,1,0,0,1
engines/dasync-dso-e_dasync.c,0,1,0,1
crypto/des/libcrypto-shlib-ofb64ede.c,0,0,1,1
fuzz/quic-lcidm-test-bin-test-corpus.c,0,1,1,2
providers/implementations/ciphers/liblegacy-lib-cipher_rc2.c,1,0,0,1
crypto/aria/libcrypto-shlib-aria.c,0,0,2,2
crypto/engine/libcrypto-shlib-eng_fat.c,0,1,1,2
crypto/rsa/libcrypto-lib-rsa_gen.c,4,2,2,8
crypto/x509/libcrypto-lib-x_ietfatt.c,2,1,0,3
crypto/modes/libcrypto-lib-cts128.c,0,0,10,10
crypto/evp/libcrypto-lib-skeymgmt_meth.c,0,1,0,1
test/helpers/quicapitest-bin-quictestlib.c,0,1,11,12
crypto/libcrypto-shlib-param_build_set.c,0,0,2,2
ssl/record/methods/libssl-shlib-dtls_meth.c,0,2,1,3
crypto/bn/libcrypto-lib-bn_div.c,0,1,4,5
crypto/bn/libcrypto-lib-rsaz-4k-avx512.c,0,0,2,2
crypto/modes/libcrypto-lib-ofb128.c,1,0,1,2
crypto/x509/libcrypto-shlib-pcy_node.c,0,1,1,2
fuzz/acert-test-bin-test-corpus.c,0,1,1,2
test/keymgmt_internal_test-bin-keymgmt_internal_test.c,0,0,2,2
crypto/cmp/libcrypto-shlib-cmp_genm.c,3,0,3,6
crypto/bn/libcrypto-shlib-rsaz-2k-avxifma.c,0,0,1,1
crypto/asn1/libcrypto-lib-bio_asn1.c,0,2,3,5
crypto/hmac/libcrypto-shlib-hmac.c,1,0,0,1
test/quic_record_test-bin-quic_record_test.c,3,1,5,9
crypto/modes/libcrypto-lib-cbc128.c,0,0,3,3
ssl/quic/libssl-shlib-quic_channel.c,15,4,10,29
crypto/evp/libcrypto-shlib-skeymgmt_meth.c,0,1,0,1
crypto/slh_dsa/libcrypto-lib-slh_wots.c,0,0,9,9
crypto/evp/libcrypto-lib-signature.c,0,1,2,3
test/pairwise_fail_test-bin-pairwise_fail_test.c,0,1,1,2
crypto/asn1/asn1_time_test-bin-a_time.c,0,1,5,6
ssl/libssl-shlib-ssl_conf.c,0,1,8,9
crypto/encode_decode/libcrypto-shlib-encoder_lib.c,0,2,2,4
test/constant_time_test-bin-constant_time_test.c,0,3,7,10
providers/implementations/ciphers/libdefault-lib-cipher_aes_cbc_hmac_sha256_hw.c,5,3,7,15
ssl/quic/libssl-lib-quic_tls_api.c,0,1,0,1
test/ext_internal_test-bin-ext_internal_test.c,0,1,1,2
ssl/record/libssl-shlib-rec_layer_s3.c,5,2,10,17
crypto/slh_dsa/libcrypto-shlib-slh_dsa.c,0,0,2,2
crypto/encode_decode/libcrypto-lib-decoder_pkey.c,1,1,1,3
crypto/bio/libcrypto-shlib-bf_buff.c,0,5,5,10
test/quic_tserver_test-bin-quic_tserver_test.c,1,2,0,3
crypto/cms/libcrypto-shlib-cms_lib.c,1,1,3,5
crypto/evp/libcrypto-lib-e_rc2.c,0,0,5,5
test/packettest-bin-packettest.c,0,1,4,5
providers/implementations/digests/libdefault-lib-sha3_prov.c,2,0,0,2
crypto/sha/libcrypto-lib-sha256-mb-x86_64.c,0,1,18,19
test/siphash_internal_test-bin-siphash_internal_test.c,0,0,1,1
crypto/evp/libcrypto-lib-e_chacha20_poly1305.c,0,2,5,7
ssl/quic/libssl-shlib-quic_rcidm.c,0,3,1,4
crypto/sha/libcrypto-shlib-sha1-x86_64.c,0,3,5,8
ssl/quic/libssl-lib-quic_reactor.c,0,3,1,4
test/quic_cfq_test-bin-quic_cfq_test.c,0,2,9,11
test/recordlentest-bin-recordlentest.c,1,0,1,2
fuzz/decoder-test-bin-fuzz_rand.c,0,0,1,1
test/testutil/libtestutil-lib-driver.c,0,2,10,12
crypto/x509/libcrypto-lib-t_x509.c,0,3,8,11
providers/implementations/macs/libdefault-lib-kmac_prov.c,0,0,3,3
crypto/evp/libcrypto-lib-p_seal.c,0,0,1,1
crypto/cast/libcrypto-lib-c_cfb64.c,0,0,2,2
ssl/quic/libssl-shlib-quic_trace.c,0,0,9,9
test/endecoder_legacy_test-bin-endecoder_legacy_test.c,0,0,8,8
crypto/des/libcrypto-lib-ofb64ede.c,0,0,1,1
crypto/cms/libcrypto-lib-cms_lib.c,1,1,3,5
test/poly1305_internal_test-bin-poly1305_internal_test.c,1,0,1,2
crypto/rsa/libcrypto-shlib-rsa_sp800_56b_gen.c,0,0,3,3
ssl/quic/libssl-lib-quic_txp.c,3,1,13,17
crypto/asn1/libcrypto-shlib-tasn_dec.c,0,3,10,13
crypto/sm3/libcrypto-shlib-sm3.c,0,0,4,4
crypto/bn/libcrypto-lib-bn_ctx.c,0,1,4,5
crypto/bn/libcrypto-lib-bn_recp.c,0,1,0,1
crypto/modes/libcrypto-lib-xts128gb.c,0,0,1,1
test/ssl_test-bin-ssl_test.c,2,1,0,3
crypto/evp/libcrypto-shlib-mac_meth.c,0,0,1,1
fuzz/ml-kem-test-bin-ml-kem.c,0,0,1,1
crypto/bio/libcrypto-shlib-bss_fd.c,0,1,0,1
crypto/des/libcrypto-lib-set_key.c,0,0,2,2
providers/implementations/digests/libdefault-lib-blake2b_prov.c,2,0,1,3
crypto/rsa/libcrypto-lib-rsa_oaep.c,0,0,8,8
crypto/libcrypto-lib-provider_core.c,3,1,18,22
test/helpers/quic_multistream_test-bin-pktsplitbio.c,0,0,3,3
crypto/x509/libcrypto-shlib-x509cset.c,0,1,0,1
crypto/ocsp/libcrypto-shlib-ocsp_ext.c,2,0,0,2
crypto/des/liblegacy-lib-fcrypt_b.c,0,0,1,1
crypto/err/libcrypto-shlib-err_prn.c,1,0,3,4
crypto/x509/libcrypto-lib-x_name.c,5,1,5,11
crypto/ts/libcrypto-shlib-ts_rsp_sign.c,1,0,3,4
crypto/sm4/libcrypto-lib-sm4.c,0,0,1,1
crypto/evp/libcrypto-shlib-e_aes_cbc_hmac_sha1.c,5,2,7,14
crypto/pem/libcrypto-shlib-pem_lib.c,0,1,8,9
crypto/async/libcrypto-shlib-async.c,0,3,4,7
ssl/rio/libssl-shlib-poll_immediate.c,0,2,11,13
crypto/asn1/libcrypto-shlib-asn_moid.c,0,3,1,4
fuzz/quic-client-test-bin-fuzz_rand.c,0,0,1,1
apps/openssl-bin-skeyutl.c,0,0,2,2
crypto/cast/libcrypto-shlib-c_enc.c,0,0,2,2
crypto/store/libcrypto-shlib-store_result.c,0,1,1,2
providers/libcrypto-lib-baseprov.c,0,1,1,2
crypto/x509/libcrypto-shlib-x_ietfatt.c,2,1,0,3
crypto/evp/libcrypto-shlib-encode.c,0,3,5,8
crypto/asn1/libcrypto-lib-f_int.c,0,0,4,4
crypto/x509/libcrypto-lib-v3_cpols.c,4,3,1,8
crypto/store/libcrypto-shlib-store_meth.c,0,1,0,1
crypto/x509/libcrypto-shlib-v3_purp.c,1,5,1,7
crypto/x509/libcrypto-lib-v3_aaa.c,1,0,2,3
crypto/evp/libcrypto-lib-e_seed.c,0,0,4,4
providers/implementations/macs/libdefault-lib-poly1305_prov.c,1,0,0,1
ssl/statem/libssl-shlib-statem_lib.c,4,2,12,18
test/helpers/quicfaultstest-bin-pktsplitbio.c,0,0,3,3
crypto/bn/libcrypto-shlib-rsaz-x86_64.c,0,0,6,6
providers/implementations/rands/libdefault-lib-test_rng.c,0,0,2,2
ssl/quic/libssl-shlib-quic_obj.c,0,1,2,3
crypto/engine/libcrypto-lib-tb_dh.c,1,0,0,1
crypto/bn/libcrypto-lib-x86_64-mont5.c,9,10,22,41
crypto/ec/libcrypto-lib-ecx_meth.c,2,0,0,2
crypto/asn1/libcrypto-lib-tasn_utl.c,0,0,1,1
providers/implementations/ciphers/liblegacy-lib-cipher_seed_hw.c,0,0,4,4
ssl/quic/libssl-lib-quic_cfq.c,0,4,2,6
crypto/ec/libcrypto-lib-curve25519.c,1,2,38,41
crypto/ml_dsa/libcrypto-lib-ml_dsa_ntt.c,0,0,8,8
crypto/des/libcrypto-shlib-set_key.c,0,0,2,2
crypto/aes/libcrypto-shlib-aes_ige.c,0,0,12,12
crypto/bio/libcrypto-lib-bio_lib.c,0,3,7,10
crypto/cmp/libcrypto-shlib-cmp_vfy.c,2,1,3,6
crypto/modes/libcrypto-shlib-aesni-gcm-x86_64.c,40,0,0,40
crypto/ocsp/libcrypto-lib-ocsp_cl.c,0,0,1,1
crypto/bn/libcrypto-lib-bn_sqr.c,0,0,2,2
crypto/x509/libcrypto-shlib-v3_crld.c,3,2,4,9
apps/openssl-bin-fipsinstall.c,6,0,2,8
test/radix/quic_radix_test-bin-quic_radix.c,6,4,5,15
crypto/evp/libcrypto-lib-pmeth_lib.c,0,2,0,2
crypto/des/libcrypto-shlib-rand_key.c,0,0,1,1
crypto/bn/libcrypto-shlib-bn_shift.c,0,0,4,4
crypto/evp/libcrypto-shlib-evp_cnf.c,0,1,0,1
crypto/x509/libcrypto-lib-x509name.c,0,0,3,3
crypto/ml_dsa/libcrypto-lib-ml_dsa_sample.c,1,2,5,8
crypto/asn1/libcrypto-shlib-asn1_gen.c,1,2,4,7
providers/common/libdefault-lib-provider_util.c,0,0,1,1
test/ml_dsa_test-bin-ml_dsa_test.c,1,1,1,3
crypto/x509/libcrypto-shlib-v3_akid.c,0,1,1,2
apps/lib/ca_internals_test-bin-app_provider.c,0,1,1,2
crypto/asn1/libcrypto-lib-t_bitst.c,0,1,1,2
crypto/bn/libcrypto-lib-bn_rsa_fips186_4.c,0,3,0,3
apps/openssl-bin-srp.c,6,1,5,12
test/x509_load_cert_file_test-bin-x509_load_cert_file_test.c,1,0,0,1
ssl/libssl-shlib-ssl_sess.c,2,3,5,10
fuzz/pem-test-bin-test-corpus.c,0,1,1,2
test/bioprinttest-bin-bioprinttest.c,0,1,3,4
crypto/evp/libcrypto-shlib-evp_rand.c,0,2,1,3
crypto/x509/libcrypto-lib-x509_vfy.c,9,8,21,38
crypto/evp/libcrypto-lib-kem.c,0,0,2,2
crypto/ec/libcrypto-shlib-ecx_backend.c,1,0,0,1
crypto/rc2/libcrypto-lib-rc2cfb64.c,0,0,2,2
crypto/cms/libcrypto-shlib-cms_kari.c,1,0,0,1
ssl/statem/libssl-lib-extensions_clnt.c,6,3,8,17
crypto/asn1/libcrypto-lib-tasn_new.c,0,0,1,1
fuzz/v3name-test-bin-test-corpus.c,0,1,1,2
test/helpers/quic_srt_gen_test-bin-noisydgrambio.c,1,2,6,9
ssl/libssl-shlib-ssl_mcnf.c,0,0,1,1
test/helpers/ssl_test_ctx_test-bin-ssl_test_ctx.c,0,3,1,4
crypto/des/libcrypto-shlib-xcbc_enc.c,0,0,2,2
crypto/sha/libcrypto-shlib-sha512-x86_64.c,0,0,12,12
crypto/x509/libcrypto-shlib-v3_bcons.c,0,1,0,1
crypto/x509/libcrypto-lib-v3_extku.c,0,1,1,2
crypto/libcrypto-lib-context.c,1,0,0,1
crypto/bn/libcrypto-lib-bn_mont.c,0,0,4,4
test/helpers/dtls_mtu_test-bin-ssltestlib.c,4,7,12,23
crypto/cmp/libcrypto-lib-cmp_msg.c,0,3,0,3
ssl/libssl-lib-d1_srtp.c,0,2,0,2
crypto/rsa/libcrypto-shlib-rsa_gen.c,4,2,2,8
crypto/bio/libcrypto-shlib-bss_bio.c,0,2,1,3
crypto/x509/libcrypto-shlib-x509_vpm.c,1,0,0,1
crypto/evp/libcrypto-lib-e_idea.c,0,0,4,4
crypto/aes/libcrypto-shlib-aesni-sha1-x86_64.c,0,3,2,5
providers/implementations/ciphers/libcommon-lib-ciphercommon_hw.c,0,1,5,6
crypto/cast/libcrypto-shlib-c_cfb64.c,0,0,2,2
test/quic_fc_test-bin-quic_fc_test.c,2,0,0,2
ssl/quic/libssl-shlib-quic_sf_list.c,0,3,3,6
ssl/libssl-shlib-d1_srtp.c,0,2,0,2
crypto/evp/libcrypto-lib-e_aria.c,0,0,15,15
test/ml_kem_evp_extra_test-bin-ml_kem_evp_extra_test.c,2,1,2,5
crypto/x509/libcrypto-shlib-v3_battcons.c,1,0,0,1
crypto/encode_decode/libcrypto-lib-encoder_lib.c,0,2,2,4
ssl/quic/libssl-lib-quic_lcidm.c,0,0,3,3
crypto/libcrypto-shlib-params_dup.c,0,2,6,8
crypto/objects/libcrypto-shlib-o_names.c,0,1,2,3
crypto/bn/libcrypto-lib-bn_rand.c,0,8,5,13
fuzz/slh-dsa-test-bin-fuzz_rand.c,0,0,1,1
crypto/bn/libcrypto-lib-rsaz-2k-avx512.c,0,0,1,1
crypto/bn/libcrypto-lib-bn_mod.c,0,0,6,6
test/clienthellotest-bin-clienthellotest.c,0,0,2,2
crypto/x509/libcrypto-lib-v3_rolespec.c,0,1,0,1
providers/implementations/encode_decode/libdefault-lib-ml_kem_codecs.c,0,1,1,2
crypto/ec/curve448/libcrypto-shlib-eddsa.c,1,0,1,2
crypto/bn/libcrypto-shlib-rsaz-avx2.c,0,1,5,6
crypto/bn/libcrypto-lib-x86_64-mont.c,8,2,32,42
test/testutil/libtestutil-lib-format_output.c,0,13,13,26
test/ossl_store_test-bin-ossl_store_test.c,0,2,1,3
fuzz/quic-srtm-test-bin-test-corpus.c,0,1,1,2
fuzz/bndiv-test-bin-bndiv.c,0,0,2,2
crypto/evp/libcrypto-lib-keymgmt_lib.c,0,0,1,1
crypto/x509/libcrypto-lib-v3_enum.c,0,1,0,1
providers/implementations/rands/libdefault-lib-drbg_hash.c,0,3,10,13
crypto/lhash/libcrypto-lib-lhash.c,0,5,9,14
crypto/libcrypto-shlib-ex_data.c,0,1,7,8
test/json_test-bin-json_test.c,1,0,2,3
test/modes_internal_test-bin-modes_internal_test.c,0,0,1,1
crypto/evp/libcrypto-shlib-kem.c,0,0,2,2
crypto/ct/libcrypto-lib-ct_sct.c,0,0,1,1
apps/lib/ca_internals_test-bin-apps.c,8,13,23,44
test/fips_version_test-bin-fips_version_test.c,0,1,1,2
crypto/libcrypto-lib-bsearch.c,0,1,2,3
crypto/modes/libcrypto-shlib-xts128gb.c,0,0,1,1
ssl/statem/libssl-lib-statem_srvr.c,7,1,7,15
crypto/ripemd/libcrypto-lib-rmd_dgst.c,0,0,4,4
crypto/evp/libcrypto-lib-e_xcbc_d.c,0,0,1,1
test/punycode_test-bin-punycode_test.c,3,0,2,5
crypto/thread/libcrypto-shlib-internal.c,0,0,1,1
crypto/bn/libcrypto-shlib-bn_print.c,0,0,1,1
crypto/libcrypto-shlib-der_writer.c,0,0,2,2
crypto/rc2/libcrypto-lib-rc2_cbc.c,0,2,4,6
crypto/x509/libcrypto-shlib-t_req.c,2,0,2,4
crypto/libcrypto-lib-packet.c,0,1,7,8
providers/implementations/ciphers/libdefault-lib-cipher_cts.c,0,0,5,5
crypto/bn/libcrypto-lib-bn_prime.c,0,13,9,22
test/tls13encryptiontest-bin-tls13encryptiontest.c,0,1,2,3
crypto/bn/asm/libcrypto-lib-x86_64-gcc.c,0,0,5,5
ssl/libssl-lib-priority_queue.c,0,1,6,7
providers/libcrypto-shlib-baseprov.c,0,1,1,2
providers/implementations/ciphers/liblegacy-lib-cipher_rc2_hw.c,0,0,4,4
providers/implementations/ciphers/libdefault-lib-cipher_aria_hw.c,1,0,0,1
ssl/libssl-lib-s3_enc.c,0,0,4,4
apps/openssl-bin-pkcs7.c,6,0,0,6
crypto/sha/libcrypto-shlib-sha256-x86_64.c,0,0,18,18
crypto/libcrypto-shlib-core_algorithm.c,0,1,1,2
ssl/libssl-shlib-s3_lib.c,2,1,9,12
crypto/ct/libcrypto-shlib-ct_oct.c,3,1,1,5
test/helpers/sslbuffertest-bin-ssltestlib.c,4,7,12,23
crypto/asn1/libcrypto-shlib-a_int.c,0,0,14,14
crypto/x509/libcrypto-shlib-pcy_map.c,1,0,0,1
crypto/sha/libcrypto-lib-sha1dgst.c,0,0,3,3
crypto/ct/libcrypto-lib-ct_prn.c,0,1,1,2
apps/openssl-bin-s_server.c,3,17,18,38
crypto/bn/libcrypto-lib-x86_64-gf2m.c,3,0,0,3
test/sparse_array_test-bin-sparse_array_test.c,0,1,7,8
crypto/des/libcrypto-shlib-ofb_enc.c,0,1,1,2
apps/lib/libapps-lib-columns.c,0,0,1,1
providers/implementations/kdfs/libdefault-lib-hkdf.c,1,0,1,2
crypto/bn/libcrypto-lib-bn_kron.c,0,3,0,3
crypto/asn1/libcrypto-lib-tasn_enc.c,5,0,2,7
crypto/srp/libcrypto-lib-srp_lib.c,0,0,1,1
crypto/modes/libcrypto-shlib-ocb128.c,3,3,7,13
crypto/libcrypto-shlib-o_str.c,0,2,7,9
crypto/dh/libcrypto-shlib-dh_key.c,0,0,1,1
crypto/x509/libcrypto-lib-x509_obj.c,0,2,4,6
crypto/cmp/libcrypto-lib-cmp_genm.c,3,0,3,6
providers/implementations/signature/libdefault-lib-sm2_sig.c,1,0,0,1
crypto/bio/libcrypto-shlib-bss_sock.c,1,0,0,1
crypto/des/libcrypto-shlib-des_enc.c,0,0,4,4
crypto/modes/libcrypto-lib-ctr128.c,1,2,3,6
crypto/asn1/libcrypto-shlib-t_spki.c,0,0,1,1
apps/openssl-bin-errstr.c,0,1,1,2
crypto/x509/libcrypto-lib-v3_asid.c,2,2,4,8
crypto/libcrypto-shlib-param_build.c,0,1,3,4
ssl/quic/libssl-lib-json_enc.c,3,1,10,14
ssl/quic/libssl-shlib-quic_rstream.c,0,2,5,7
crypto/x509/libcrypto-shlib-v3_rolespec.c,0,1,0,1
crypto/poly1305/libcrypto-shlib-poly1305.c,0,0,2,2
test/asynciotest-bin-asynciotest.c,0,3,6,9
test/v3ext-bin-v3ext.c,0,0,4,4
crypto/bn/libcrypto-lib-bn_gf2m.c,0,6,22,28
crypto/ec/libcrypto-lib-ecp_nistz256.c,1,3,18,22
crypto/lhash/libcrypto-shlib-lhash.c,0,5,9,14
fuzz/quic-server-test-bin-test-corpus.c,0,1,1,2
apps/openssl-bin-ciphers.c,3,1,1,5
crypto/rc2/libcrypto-shlib-rc2_cbc.c,0,2,4,6
apps/openssl-bin-genpkey.c,0,1,1,2
crypto/asn1/libcrypto-lib-t_pkey.c,0,0,2,2
crypto/libcrypto-shlib-core_namemap.c,0,1,7,8
crypto/bn/libcrypto-shlib-bn_x931p.c,0,1,3,4
test/asn1_internal_test-bin-asn1_internal_test.c,0,1,6,7
providers/implementations/ciphers/libdefault-lib-cipher_sm4_xts_hw.c,1,0,0,1
crypto/x509/libcrypto-lib-v3_battcons.c,1,0,0,1
crypto/cast/libcrypto-lib-c_skey.c,0,0,1,1
crypto/store/libcrypto-shlib-store_register.c,0,0,3,3
test/params_test-bin-params_test.c,0,1,3,4
test/helpers/sslapitest-bin-ssltestlib.c,4,7,12,23
crypto/bio/libcrypto-lib-bio_addr.c,4,1,1,6
crypto/buffer/libcrypto-shlib-buffer.c,0,0,2,2
ssl/quic/libssl-shlib-qlog.c,2,3,4,9
crypto/bio/libcrypto-shlib-bss_dgram.c,1,4,9,14
crypto/evp/libcrypto-shlib-e_cast.c,0,0,4,4
crypto/des/libcrypto-lib-ofb_enc.c,0,1,1,2
crypto/bn/libcrypto-lib-bn_exp.c,1,5,37,43
fuzz/quic-server-test-bin-quic-server.c,0,0,1,1
crypto/x509/libcrypto-lib-v3_lib.c,2,0,1,3
crypto/x509/libcrypto-lib-x509_att.c,0,0,2,2
apps/lib/uitest-bin-apps_ui.c,0,0,1,1
crypto/asn1/libcrypto-lib-a_bitstr.c,0,1,2,3
crypto/evp/libcrypto-shlib-keymgmt_meth.c,0,0,1,1
providers/implementations/ciphers/libdefault-lib-cipher_aes_xts_hw.c,1,0,0,1
crypto/des/libcrypto-lib-xcbc_enc.c,0,0,2,2
test/helpers/json_test-bin-ssltestlib.c,4,7,12,23
crypto/evp/libcrypto-shlib-m_sigver.c,0,0,1,1
providers/implementations/kdfs/liblegacy-lib-pbkdf1.c,0,0,1,1
ssl/quic/libssl-shlib-quic_rx_depack.c,0,1,1,2
crypto/poly1305/libcrypto-lib-poly1305.c,0,0,2,2
crypto/des/libcrypto-lib-des_enc.c,0,0,4,4
crypto/x509/libcrypto-lib-v3_ncons.c,1,3,15,19
test/curve448_internal_test-bin-curve448_internal_test.c,0,1,2,3
fuzz/quic-rcidm-test-bin-fuzz_rand.c,0,0,1,1
crypto/evp/libcrypto-lib-ec_support.c,0,1,1,2
crypto/x509/libcrypto-shlib-v3_pci.c,0,3,1,4
test/cmp_ctx_test-bin-cmp_ctx_test.c,0,0,1,1
crypto/ts/libcrypto-shlib-ts_rsp_print.c,0,1,1,2
crypto/encode_decode/libcrypto-shlib-encoder_pkey.c,1,0,2,3
apps/openssl-bin-crl.c,0,2,2,4
fuzz/crl-test-bin-test-corpus.c,0,1,1,2
crypto/asn1/libcrypto-shlib-tasn_prn.c,0,0,3,3
crypto/evp/libcrypto-lib-cmeth_lib.c,1,0,0,1
providers/implementations/macs/libdefault-lib-blake2s_mac.c,0,0,1,1
providers/implementations/rands/libdefault-lib-drbg_ctr.c,1,0,6,7
ssl/quic/libssl-shlib-quic_ackm.c,0,4,10,14
providers/implementations/ciphers/libdefault-lib-cipher_aes_ocb.c,1,0,0,1
test/asn1_stable_parse_test-bin-asn1_stable_parse_test.c,0,1,0,1
ssl/quic/libssl-lib-quic_sf_list.c,0,3,3,6
crypto/http/libcrypto-shlib-http_lib.c,1,1,0,2
ssl/statem/libssl-shlib-extensions_srvr.c,0,4,10,14
crypto/asn1/libcrypto-lib-asn1_gen.c,1,2,4,7
crypto/engine/libcrypto-lib-tb_cipher.c,1,0,0,1
crypto/asn1/libcrypto-shlib-f_int.c,0,0,4,4
crypto/des/liblegacy-lib-des_enc.c,0,0,4,4
providers/implementations/ciphers/liblegacy-lib-cipher_blowfish_hw.c,0,0,4,4
crypto/ec/curve448/libcrypto-lib-curve448.c,2,7,6,15
crypto/libcrypto-lib-provider_conf.c,1,1,3,5
crypto/bf/libcrypto-lib-bf_cfb64.c,0,0,2,2
crypto/evp/libcrypto-shlib-ctrl_params_translate.c,5,2,4,11
test/cmactest-bin-cmactest.c,1,0,5,6
test/bio_pw_callback_test-bin-bio_pw_callback_test.c,0,1,1,2
crypto/libcrypto-shlib-params.c,1,0,3,4
crypto/ml_dsa/libcrypto-shlib-ml_dsa_encoders.c,0,1,29,30
test/tls13ccstest-bin-tls13ccstest.c,0,1,0,1
ssl/statem/libssl-shlib-statem_srvr.c,7,1,7,15
crypto/sm2/libcrypto-shlib-sm2_sign.c,0,0,3,3
fuzz/decoder-test-bin-test-corpus.c,0,1,1,2
fuzz/ml-dsa-test-bin-test-corpus.c,0,1,1,2
test/helpers/pkcs12_api_test-bin-pkcs12.c,1,2,1,4
crypto/modes/libcrypto-shlib-ghash-x86_64.c,130,4,3,137
providers/implementations/ciphers/libcommon-lib-ciphercommon_gcm.c,0,0,1,1
providers/libcrypto-lib-defltprov.c,0,1,1,2
crypto/objects/libcrypto-lib-obj_dat.c,1,0,6,7
crypto/lhash/libcrypto-lib-lh_stats.c,1,0,3,4
crypto/dh/libcrypto-lib-dh_key.c,0,0,1,1
test/helpers/quicapitest-bin-noisydgrambio.c,1,2,6,9
crypto/ec/libcrypto-shlib-ec_print.c,0,0,1,1
fuzz/client-test-bin-test-corpus.c,0,1,1,2
crypto/idea/libcrypto-lib-i_ofb64.c,0,0,1,1
crypto/asn1/libcrypto-shlib-i2d_evp.c,0,2,2,4
crypto/asn1/libcrypto-shlib-tasn_utl.c,0,0,1,1
crypto/bf/libcrypto-shlib-bf_cfb64.c,0,0,2,2
crypto/bio/libcrypto-lib-bss_sock.c,1,0,0,1
fuzz/asn1-test-bin-test-corpus.c,0,1,1,2
test/dhtest-bin-dhtest.c,0,0,1,1
fuzz/provider-test-bin-provider.c,0,11,3,14
test/pbelutest-bin-pbelutest.c,0,1,1,2
engines/ossltest-dso-e_ossltest.c,0,0,2,2
crypto/rc4/liblegacy-lib-rc4-md5-x86_64.c,0,0,1,1
crypto/cmp/libcrypto-lib-cmp_util.c,2,1,1,4
crypto/engine/libcrypto-shlib-tb_cipher.c,1,0,0,1
crypto/cast/libcrypto-shlib-c_skey.c,0,0,1,1
crypto/cmp/libcrypto-shlib-cmp_status.c,0,1,3,4
apps/openssl-bin-dhparam.c,0,1,0,1
crypto/asn1/libcrypto-lib-asn1_parse.c,0,12,30,42
crypto/asn1/libcrypto-lib-asn_moid.c,0,3,1,4
providers/implementations/ciphers/libdefault-lib-cipher_aes_cbc_hmac_sha1_hw.c,5,3,7,15
fuzz/server-test-bin-fuzz_rand.c,0,0,1,1
crypto/x509/libcrypto-shlib-v3_aaa.c,1,0,2,3
crypto/des/libcrypto-lib-fcrypt_b.c,0,0,1,1
crypto/ml_dsa/libcrypto-shlib-ml_dsa_sign.c,0,1,50,51
providers/implementations/macs/libdefault-lib-gmac_prov.c,0,0,1,1
test/evp_pkey_provided_test-bin-evp_pkey_provided_test.c,3,9,3,15
crypto/ui/libcrypto-lib-ui_lib.c,1,4,0,5
providers/implementations/ciphers/libcommon-lib-ciphercommon.c,1,0,0,1
crypto/bio/libcrypto-shlib-bio_addr.c,4,1,1,6
test/helpers/quic_radix_test-bin-ssltestlib.c,4,7,12,23
crypto/ec/libcrypto-shlib-ecp_nistz256.c,1,3,18,22
crypto/aes/libcrypto-lib-aesni-sha256-x86_64.c,0,0,12,12
ssl/quic/libssl-lib-quic_trace.c,0,0,9,9
test/pkcs7_test-bin-pkcs7_test.c,1,0,1,2
crypto/pkcs7/libcrypto-shlib-pk7_doit.c,6,1,2,9
test/helpers/quicapitest-bin-ssltestlib.c,4,7,12,23
ssl/rio/libssl-lib-rio_notifier.c,0,1,2,3
ssl/libssl-lib-ssl_cert.c,2,6,15,23
crypto/bn/libcrypto-shlib-bn_add.c,0,1,2,3
crypto/asn1/libcrypto-lib-tasn_dec.c,0,3,10,13
ssl/quic/libssl-lib-quic_rcidm.c,0,3,1,4
crypto/sm2/libcrypto-lib-sm2_sign.c,0,0,3,3
crypto/bio/libcrypto-shlib-bf_prefix.c,0,1,2,3
test/destest-bin-destest.c,0,0,5,5
crypto/x509/libcrypto-shlib-x_name.c,5,1,5,11
crypto/encode_decode/libcrypto-lib-encoder_meth.c,0,1,1,2
ssl/quic/libssl-shlib-quic_record_tx.c,0,5,7,12
crypto/engine/libcrypto-lib-tb_eckey.c,1,0,0,1
crypto/ec/libcrypto-lib-ecx_backend.c,1,0,0,1
crypto/siphash/libcrypto-lib-siphash.c,0,0,7,7
crypto/rsa/libcrypto-lib-rsa_ossl.c,0,1,3,4
test/bio_base64_test-bin-bio_base64_test.c,2,0,4,6
crypto/libcrypto-lib-param_build_set.c,0,0,2,2
crypto/bio/libcrypto-lib-bss_log.c,0,1,0,1
crypto/evp/libcrypto-lib-p_lib.c,1,0,1,2
crypto/ct/libcrypto-shlib-ct_x509v3.c,0,2,0,2
apps/openssl-bin-nseq.c,1,1,1,3
apps/lib/libapps-lib-apps.c,8,13,22,43
apps/openssl-bin-pkeyutl.c,0,1,4,5
crypto/libcrypto-shlib-initthread.c,0,5,4,9
crypto/x509/libcrypto-shlib-v3_pmaps.c,0,1,1,2
crypto/x509/libcrypto-shlib-t_x509.c,0,3,8,11
crypto/bio/libcrypto-lib-bss_dgram_pair.c,2,2,5,9
apps/lib/libapps-lib-opt.c,0,19,21,40
test/endecode_test-bin-endecode_test.c,0,2,1,3
crypto/bio/libcrypto-shlib-bss_dgram_pair.c,2,2,5,9
test/provider_pkey_test-bin-fake_rsaprov.c,1,0,0,1
ssl/quic/libssl-lib-quic_rstream.c,0,2,5,7
crypto/thread/libcrypto-lib-arch.c,0,1,1,2
test/x509aux-bin-x509aux.c,0,0,1,1
crypto/encode_decode/libcrypto-lib-decoder_lib.c,0,1,6,7
crypto/aes/libcrypto-shlib-vpaes-x86_64.c,0,0,2,2
crypto/asn1/libcrypto-shlib-bio_asn1.c,0,2,3,5
crypto/x509/libcrypto-shlib-t_acert.c,3,0,1,4
crypto/hashtable/libcrypto-shlib-hashfunc.c,0,0,1,1
crypto/evp/libcrypto-shlib-keymgmt_lib.c,0,0,1,1
apps/openssl-bin-genrsa.c,0,0,1,1
fuzz/client-test-bin-client.c,0,0,1,1
providers/implementations/rands/libdefault-lib-drbg_hmac.c,0,1,2,3
test/chacha_internal_test-bin-chacha_internal_test.c,0,0,1,1
test/param_build_test-bin-param_build_test.c,0,0,3,3
apps/openssl-bin-x509.c,5,6,3,14
crypto/x509/libcrypto-lib-v3_pcons.c,1,0,0,1
crypto/ec/curve448/arch_64/libcrypto-lib-f_impl64.c,0,0,1,1
crypto/md5/liblegacy-lib-md5_dgst.c,0,0,3,3
crypto/cmp/libcrypto-shlib-cmp_asn.c,1,0,2,3
fuzz/dtlsclient-test-bin-test-corpus.c,0,1,1,2
crypto/buffer/libcrypto-lib-buffer.c,0,0,2,2
crypto/chacha/libcrypto-shlib-chacha-x86_64.c,0,9,48,57
ssl/rio/libssl-shlib-rio_notifier.c,0,1,2,3
crypto/asn1/libcrypto-shlib-a_strex.c,0,2,18,20
fuzz/quic-srtm-test-bin-quic-srtm.c,0,0,1,1
crypto/mdc2/libcrypto-lib-mdc2dgst.c,0,0,2,2
test/evp_kdf_test-bin-evp_kdf_test.c,1,1,5,7
fuzz/quic-client-test-bin-quic-client.c,0,2,3,5
test/quic_qlog_test-bin-quic_qlog_test.c,1,0,0,1
crypto/x509/libcrypto-shlib-v3_sda.c,1,0,1,2
crypto/evp/libcrypto-lib-encode.c,0,3,5,8
test/danetest-bin-danetest.c,0,3,6,9
crypto/ffc/libcrypto-lib-ffc_params.c,1,1,0,2
crypto/lhash/libcrypto-shlib-lh_stats.c,1,0,3,4
ssl/record/libssl-lib-rec_layer_d1.c,0,1,2,3
crypto/rc2/libcrypto-lib-rc2_skey.c,0,0,4,4
crypto/bn/libcrypto-shlib-bn_sqrt.c,0,3,1,4
test/evp_libctx_test-bin-evp_libctx_test.c,0,0,1,1
ssl/quic/libssl-lib-quic_wire.c,0,0,9,9
crypto/evp/libcrypto-shlib-e_seed.c,0,0,4,4
apps/openssl-bin-pkey.c,0,1,1,2
crypto/ct/libcrypto-shlib-ct_log.c,0,1,0,1
ssl/quic/libssl-shlib-quic_tls.c,0,2,0,2
crypto/libcrypto-shlib-mem_sec.c,2,3,1,6
crypto/rsa/libcrypto-lib-rsa_chk.c,1,0,3,4
ssl/record/methods/libssl-lib-tls_common.c,2,6,18,26
fuzz/dtlsserver-test-bin-fuzz_rand.c,0,0,1,1
crypto/modes/libcrypto-lib-aesni-gcm-x86_64.c,40,0,0,40
ssl/quic/libssl-lib-quic_demux.c,0,5,3,8
crypto/ec/libcrypto-lib-ec_print.c,0,0,1,1
crypto/evp/libcrypto-shlib-e_bf.c,0,0,4,4
crypto/modes/libcrypto-shlib-cts128.c,0,0,10,10
fuzz/cms-test-bin-test-corpus.c,0,1,1,2
crypto/x509/libcrypto-lib-v3_conf.c,1,6,0,7
crypto/pkcs12/libcrypto-shlib-p12_utl.c,0,2,6,8
test/cipher_overhead_test-bin-cipher_overhead_test.c,0,1,1,2
providers/implementations/ciphers/libcommon-lib-ciphercommon_block.c,0,1,0,1
crypto/libcrypto-shlib-init.c,0,1,0,1
crypto/rsa/libcrypto-lib-rsa_x931.c,0,0,1,1
crypto/modes/libcrypto-shlib-cfb128.c,0,0,8,8
crypto/asn1/libcrypto-shlib-a_i2d_fp.c,1,1,0,2
crypto/pkcs12/libcrypto-shlib-p12_add.c,1,0,0,1
ssl/libssl-lib-ssl_ciph.c,0,15,17,32
crypto/rand/libcrypto-lib-rand_lib.c,0,0,1,1
providers/common/libdefault-lib-capabilities.c,0,0,2,2
providers/implementations/encode_decode/libdefault-lib-endecoder_common.c,0,4,0,4
crypto/aria/libcrypto-lib-aria.c,0,0,2,2
test/evp_extra_test-bin-evp_extra_test.c,12,3,11,26
crypto/evp/libcrypto-shlib-e_des.c,0,0,7,7
crypto/pem/libcrypto-shlib-pem_pkey.c,0,1,0,1
crypto/asn1/libcrypto-shlib-a_print.c,0,1,4,5
crypto/thread/libcrypto-lib-internal.c,0,0,1,1
fuzz/cmp-test-bin-fuzz_rand.c,0,0,1,1
crypto/evp/libcrypto-shlib-exchange.c,0,0,2,2
crypto/ec/libcrypto-lib-ec_lib.c,0,0,3,3
apps/openssl-bin-gendsa.c,0,1,0,1
providers/implementations/storemgmt/libdefault-lib-file_store.c,0,1,3,4
test/servername_test-bin-servername_test.c,0,1,0,1
crypto/rsa/libcrypto-lib-rsa_mp.c,0,0,1,1
crypto/modes/libcrypto-shlib-cbc128.c,0,0,3,3
crypto/store/libcrypto-lib-store_meth.c,0,1,0,1
crypto/libcrypto-shlib-trace.c,0,0,2,2
crypto/cms/libcrypto-lib-cms_sd.c,9,1,4,14
crypto/des/libcrypto-shlib-fcrypt_b.c,0,0,1,1
providers/implementations/keymgmt/libdefault-lib-dh_kmgmt.c,1,0,0,1
crypto/slh_dsa/libcrypto-lib-slh_fors.c,2,1,5,8
crypto/evp/libcrypto-shlib-p_seal.c,0,0,1,1
fuzz/ct-test-bin-test-corpus.c,0,1,1,2
crypto/modes/libcrypto-shlib-ofb128.c,1,0,1,2
crypto/ts/libcrypto-shlib-ts_rsp_verify.c,0,3,2,5
crypto/hashtable/libcrypto-shlib-hashtable.c,2,5,8,15
ssl/record/methods/libdefault-lib-ssl3_cbc.c,3,0,7,10
crypto/ocsp/libcrypto-lib-ocsp_prn.c,4,0,0,4
test/pkcs12_format_test-bin-pkcs12_format_test.c,0,1,1,2
crypto/ocsp/libcrypto-lib-v3_ocsp.c,0,1,0,1
crypto/libcrypto-shlib-params_from_text.c,0,0,3,3
crypto/x509/libcrypto-lib-by_file.c,0,2,1,3
providers/implementations/encode_decode/libdefault-lib-encode_key2text.c,0,1,0,1
crypto/idea/libcrypto-shlib-i_cfb64.c,0,0,2,2
test/pkey_meth_test-bin-pkey_meth_test.c,2,2,0,4
ssl/libssl-lib-d1_lib.c,1,2,1,4
test/rsa_test-bin-rsa_test.c,1,0,2,3
crypto/asn1/libcrypto-lib-tasn_prn.c,0,0,3,3
crypto/x509/libcrypto-lib-v3_pci.c,0,3,1,4
crypto/modes/libcrypto-lib-ocb128.c,3,3,7,13
ssl/record/methods/libssl-shlib-ssl3_cbc.c,3,0,7,10
test/quic_txpim_test-bin-quic_txpim_test.c,0,0,3,3
providers/common/libdefault-lib-provider_seeding.c,0,0,1,1
crypto/rc4/libcrypto-shlib-rc4-x86_64.c,0,1,10,11
crypto/ec/curve448/libcrypto-shlib-scalar.c,0,1,7,8
crypto/x509/libcrypto-shlib-v3_timespec.c,5,0,5,10
crypto/bn/libcrypto-lib-rsaz-3k-avx512.c,0,0,1,1
test/cmsapitest-bin-cmsapitest.c,0,0,1,1
crypto/asn1/libcrypto-shlib-asn_mstbl.c,1,0,1,2
ssl/quic/libssl-lib-quic_sstream.c,0,2,8,10
crypto/rsa/libcrypto-lib-rsa_depr.c,0,0,1,1
crypto/rc4/libcrypto-shlib-rc4-md5-x86_64.c,0,0,1,1
fuzz/x509-test-bin-test-corpus.c,0,1,1,2
crypto/bn/libcrypto-shlib-bn_rsa_fips186_4.c,0,3,0,3
crypto/asn1/libcrypto-shlib-a_mbstr.c,0,1,7,8
test/bio_meth_test-bin-bio_meth_test.c,0,0,1,1
test/provider_test-bin-p_test.c,1,1,2,4
crypto/ec/libcrypto-shlib-ecdsa_ossl.c,0,0,7,7
crypto/x509/libcrypto-lib-v3_ac_tgt.c,1,0,1,2
crypto/ui/libcrypto-shlib-ui_lib.c,1,4,0,5
crypto/encode_decode/libcrypto-shlib-decoder_meth.c,0,1,1,2
crypto/asn1/libcrypto-shlib-a_bitstr.c,0,1,2,3
crypto/x509/libcrypto-shlib-v3_lib.c,2,0,1,3
fuzz/x509-test-bin-fuzz_rand.c,0,0,1,1
crypto/asn1/libcrypto-lib-asn_mstbl.c,1,0,1,2
crypto/des/libcrypto-lib-cfb64ede.c,0,2,4,6
test/helpers/quic_radix_test-bin-noisydgrambio.c,1,2,6,9
crypto/x509/libcrypto-shlib-pcy_cache.c,0,0,1,1
test/ectest-bin-ectest.c,0,1,4,5
test/p_test-dso-p_test.c,1,1,2,4
crypto/modes/libcrypto-shlib-ctr128.c,1,2,3,6
crypto/evp/libcrypto-shlib-e_aria.c,0,0,15,15
providers/implementations/ciphers/liblegacy-lib-cipher_desx_hw.c,1,0,1,2
crypto/pem/libcrypto-lib-pem_info.c,1,0,1,2
providers/implementations/keymgmt/libdefault-lib-mlx_kmgmt.c,3,1,0,4
test/helpers/cmp_protect_test-bin-cmp_testlib.c,0,1,0,1
fuzz/conf-test-bin-test-corpus.c,0,1,1,2
ssl/libssl-shlib-bio_ssl.c,0,0,1,1
test/rc4test-bin-rc4test.c,4,0,1,5
crypto/libcrypto-lib-core_namemap.c,0,1,7,8
crypto/bn/libcrypto-shlib-rsaz_exp_x2.c,4,1,6,11
crypto/aes/libcrypto-shlib-bsaes-x86_64.c,0,2,9,11
crypto/asn1/libcrypto-lib-a_int.c,0,0,14,14
ssl/quic/libssl-lib-quic_channel.c,15,4,10,29
crypto/evp/libcrypto-lib-evp_cnf.c,0,1,0,1
apps/lib/libapps-lib-s_socket.c,0,2,6,8
ssl/quic/libssl-lib-qlog.c,2,3,4,9
crypto/engine/libcrypto-shlib-tb_eckey.c,1,0,0,1
crypto/poly1305/libcrypto-shlib-poly1305-x86_64.c,1,4,17,22
crypto/bn/libcrypto-shlib-bn_blind.c,0,0,2,2
crypto/bn/asm/libcrypto-shlib-x86_64-gcc.c,0,0,5,5
ssl/quic/libssl-shlib-quic_tls_api.c,0,1,0,1
crypto/asn1/libcrypto-lib-a_sign.c,0,0,1,1
crypto/thread/libcrypto-shlib-arch.c,0,1,1,2
crypto/engine/libcrypto-lib-tb_asnmth.c,1,2,2,5
crypto/ec/libcrypto-lib-ecp_nistz256-x86_64.c,0,0,9,9
crypto/bn/libcrypto-lib-bn_exp2.c,0,2,5,7
crypto/evp/libcrypto-shlib-e_aes.c,0,0,6,6
crypto/ec/curve448/libcrypto-shlib-curve448.c,2,7,6,15
crypto/des/libcrypto-shlib-qud_cksm.c,0,0,2,2
crypto/x509/libcrypto-shlib-x_crl.c,2,1,2,5
providers/implementations/kdfs/libdefault-lib-sshkdf.c,0,1,0,1
crypto/pkcs7/libcrypto-lib-pk7_smime.c,6,3,3,12
crypto/store/libcrypto-lib-store_register.c,0,0,3,3
test/helpers/quicapitest-bin-pktsplitbio.c,0,0,3,3
crypto/cms/libcrypto-lib-cms_smime.c,7,1,16,24
crypto/x509/libcrypto-lib-x509_lu.c,1,2,4,7
crypto/cms/libcrypto-shlib-cms_ess.c,0,1,0,1
crypto/engine/libcrypto-shlib-tb_asnmth.c,1,2,2,5
crypto/ts/libcrypto-lib-ts_rsp_sign.c,1,0,3,4
crypto/asn1/libcrypto-shlib-tasn_enc.c,5,0,2,7
ssl/libssl-lib-bio_ssl.c,0,0,1,1
crypto/x509/libcrypto-lib-by_store.c,0,0,3,3
crypto/cms/libcrypto-lib-cms_ess.c,0,1,0,1
crypto/ec/libcrypto-shlib-ecp_nistz256-x86_64.c,0,0,9,9
test/slh_dsa_test-bin-slh_dsa_test.c,2,1,2,5
crypto/evp/libcrypto-lib-e_bf.c,0,0,4,4
crypto/ec/libcrypto-lib-ec_curve.c,0,1,4,5
crypto/md4/libcrypto-shlib-md4_dgst.c,0,0,4,4
crypto/x509/libcrypto-shlib-v3_tlsf.c,0,1,1,2
crypto/evp/libcrypto-shlib-e_aes_cbc_hmac_sha256.c,5,2,7,14
fuzz/cmp-test-bin-test-corpus.c,0,1,1,2
crypto/libcrypto-lib-provider_child.c,0,1,1,2
ssl/record/methods/libssl-lib-tls1_meth.c,0,0,5,5
crypto/evp/libcrypto-shlib-e_idea.c,0,0,4,4
fuzz/smime-test-bin-test-corpus.c,0,1,1,2
crypto/crmf/libcrypto-shlib-crmf_lib.c,0,7,1,8
crypto/property/libcrypto-lib-property.c,4,2,3,9
crypto/rsa/libcrypto-shlib-rsa_chk.c,1,0,3,4
crypto/x509/libcrypto-lib-v3_timespec.c,5,0,5,10
crypto/rc2/libcrypto-shlib-rc2_skey.c,0,0,4,4
fuzz/slh-dsa-test-bin-test-corpus.c,0,1,1,2
crypto/rsa/libcrypto-lib-rsa_backend.c,0,0,4,4
test/helpers/quic_multistream_test-bin-quictestlib.c,0,1,11,12
test/params_conversion_test-bin-params_conversion_test.c,1,1,0,2
crypto/bn/libcrypto-lib-bn_mul.c,1,5,3,9
crypto/evp/libcrypto-shlib-ec_support.c,0,1,1,2
crypto/bn/libcrypto-lib-bn_gcd.c,0,4,4,8
apps/openssl-bin-crl2pkcs7.c,0,2,0,2
providers/implementations/kdfs/libdefault-lib-pkcs12kdf.c,0,1,6,7
crypto/engine/libcrypto-shlib-tb_digest.c,1,0,0,1
ssl/libssl-shlib-ssl_asn1.c,3,0,2,5
crypto/asn1/libcrypto-shlib-a_time.c,0,1,3,4
test/conf_include_test-bin-conf_include_test.c,0,3,1,4
ssl/quic/libssl-lib-quic_srtm.c,2,1,7,10
crypto/libcrypto-lib-cpuid.c,0,3,2,5
ssl/quic/libssl-lib-quic_rx_depack.c,0,1,1,2
crypto/async/libcrypto-lib-async.c,0,3,4,7
crypto/bn/libcrypto-shlib-rsaz_exp.c,0,0,3,3
ssl/statem/libssl-shlib-extensions_cust.c,0,2,8,10
crypto/bn/libcrypto-lib-bn_conv.c,0,3,5,8
crypto/sm3/libcrypto-lib-sm3.c,0,0,4,4
test/stack_test-bin-stack_test.c,1,1,15,17
crypto/siphash/libcrypto-shlib-siphash.c,0,0,7,7
crypto/ml_kem/libcrypto-shlib-ml_kem.c,0,4,64,68
crypto/hashtable/libssl-shlib-hashfunc.c,0,0,1,1
crypto/err/libcrypto-lib-err_prn.c,1,0,3,4
crypto/ec/libcrypto-shlib-ec_curve.c,0,1,4,5
crypto/engine/libcrypto-lib-eng_cnf.c,1,1,1,3
test/threadpool_test-bin-threadpool_test.c,0,0,7,7
crypto/evp/libcrypto-lib-e_cast.c,0,0,4,4
apps/openssl-bin-verify.c,3,2,1,6
test/confdump-bin-confdump.c,0,1,1,2
crypto/x509/libcrypto-lib-x509_req.c,0,2,0,2
crypto/engine/libcrypto-lib-tb_digest.c,1,0,0,1
ssl/quic/libssl-shlib-quic_impl.c,0,0,14,14
crypto/ec/libcrypto-lib-ec_mult.c,0,3,14,17
crypto/idea/libcrypto-lib-i_cbc.c,0,0,2,2
crypto/des/libcrypto-lib-qud_cksm.c,0,0,2,2
ssl/quic/libssl-shlib-uint_set.c,0,6,1,7
crypto/engine/libcrypto-shlib-eng_cnf.c,1,1,1,3
crypto/x509/libcrypto-shlib-x509_v3.c,0,1,3,4
crypto/x509/libcrypto-lib-pcy_cache.c,0,0,1,1
test/helpers/quic_multistream_test-bin-ssltestlib.c,4,7,12,23
test/helpers/quicfaultstest-bin-noisydgrambio.c,1,2,6,9
ssl/quic/libssl-shlib-quic_reactor.c,0,3,1,4
crypto/x509/libcrypto-shlib-v3_ac_tgt.c,1,0,1,2
crypto/x509/libcrypto-lib-v3_authattid.c,0,1,0,1
crypto/bf/libcrypto-lib-bf_skey.c,1,0,3,4
test/ciphername_test-bin-ciphername_test.c,1,0,1,2
fuzz/hashtable-test-bin-hashtable.c,0,0,1,1
ssl/libssl-lib-pqueue.c,1,0,2,3
crypto/bn/libcrypto-lib-rsaz-2k-avxifma.c,0,0,1,1
apps/openssl-bin-mac.c,0,1,2,3
crypto/bn/libcrypto-lib-bn_word.c,0,0,4,4
test/quic_client_test-bin-quic_client_test.c,0,0,2,2
providers/implementations/kdfs/libdefault-lib-x942kdf.c,1,1,1,3
fuzz/bndiv-test-bin-test-corpus.c,0,1,1,2
crypto/pkcs7/libcrypto-shlib-pk7_smime.c,6,3,3,12
ssl/statem/libssl-lib-extensions.c,0,0,9,9
crypto/evp/libcrypto-shlib-kdf_meth.c,0,0,1,1
crypto/asn1/libcrypto-lib-x_long.c,0,0,2,2
ssl/quic/libssl-lib-quic_port.c,10,5,1,16
crypto/bn/libcrypto-lib-bn_lib.c,0,0,22,22
apps/lib/libapps-lib-app_params.c,0,0,1,1
providers/implementations/kdfs/libdefault-lib-sskdf.c,1,3,0,4
crypto/cmp/libcrypto-shlib-cmp_util.c,2,1,1,4
test/v3nametest-bin-v3nametest.c,0,0,13,13
ssl/quic/libssl-shlib-quic_fifd.c,1,3,3,7
test/sslapitest-bin-sslapitest.c,12,4,30,46
engines/loader_attic-dso-e_loader_attic.c,3,1,9,13
crypto/slh_dsa/libcrypto-lib-slh_params.c,0,0,1,1
providers/implementations/ciphers/libdefault-lib-cipher_aes_gcm_hw.c,1,0,1,2
crypto/encode_decode/libcrypto-shlib-decoder_lib.c,0,1,6,7
crypto/cmp/libcrypto-shlib-cmp_client.c,0,2,1,3
crypto/rand/libcrypto-shlib-randfile.c,0,0,1,1
fuzz/provider-test-bin-test-corpus.c,0,1,1,2
test/helpers/quicfaultstest-bin-ssltestlib.c,4,7,12,23
test/threadstest-bin-threadstest.c,0,10,28,38
test/pkcs12_api_test-bin-pkcs12_api_test.c,0,0,1,1
test/provider_internal_test-bin-p_test.c,1,1,2,4
crypto/ec/libcrypto-shlib-ec_key.c,0,0,1,1
crypto/x509/libcrypto-shlib-v3_addr.c,6,8,10,24
crypto/pkcs12/libcrypto-lib-p12_crt.c,2,0,0,2
test/igetest-bin-igetest.c,0,0,12,12
test/helpers/quicfaultstest-bin-quictestlib.c,0,1,11,12
providers/implementations/ciphers/liblegacy-lib-cipher_blowfish.c,1,0,0,1
crypto/txt_db/libcrypto-lib-txt_db.c,0,3,16,19
crypto/bio/libcrypto-lib-bf_lbuf.c,0,2,1,3
crypto/asn1/libcrypto-shlib-tasn_new.c,0,0,1,1
crypto/whrlpool/libcrypto-shlib-wp-x86_64.c,0,0,2,2
crypto/ml_dsa/libcrypto-shlib-ml_dsa_key.c,0,0,11,11
crypto/bn/libcrypto-lib-rsaz-avx2.c,0,1,5,6
test/quic_txp_test-bin-quic_txp_test.c,1,1,2,4
ssl/quic/libssl-shlib-quic_lcidm.c,0,0,3,3
crypto/aes/libcrypto-lib-aes_ige.c,0,0,12,12
test/timing_load_creds-bin-timing_load_creds.c,0,0,4,4
engines/afalg-dso-e_afalg.c,1,1,2,4
test/enginetest-bin-enginetest.c,1,1,5,7
crypto/x509/libcrypto-lib-t_crl.c,0,1,0,1
apps/openssl-bin-rsa.c,0,1,0,1
crypto/des/libcrypto-shlib-cfb64ede.c,0,2,4,6
crypto/ml_dsa/libcrypto-shlib-ml_dsa_matrix.c,0,0,3,3
crypto/des/libcrypto-shlib-cbc_cksm.c,0,0,1,1
crypto/bn/libcrypto-shlib-x86_64-mont5.c,9,10,22,41
test/bio_prefix_text-bin-bio_prefix_text.c,0,2,3,5
ssl/record/methods/libssl-shlib-tls1_meth.c,0,0,5,5
crypto/mdc2/libcrypto-shlib-mdc2dgst.c,0,0,2,2
crypto/cmp/libcrypto-lib-cmp_client.c,0,2,1,3
ssl/libssl-lib-ssl_sess.c,2,3,5,10
crypto/rsa/libcrypto-lib-rsa_sp800_56b_gen.c,0,0,3,3
crypto/camellia/libcrypto-shlib-cmll-x86_64.c,2,2,2,6
crypto/libcrypto-shlib-bsearch.c,0,1,2,3
crypto/bn/libcrypto-lib-rsaz-x86_64.c,0,0,6,6
crypto/modes/libcrypto-lib-aes-gcm-avx512.c,72,0,0,72
crypto/asn1/libcrypto-lib-a_time.c,0,1,3,4
ssl/libssl-shlib-pqueue.c,1,0,2,3
test/cipherlist_test-bin-cipherlist_test.c,0,0,1,1
test/testutil/libtestutil-lib-options.c,0,2,3,5
crypto/x509/libcrypto-lib-x_crl.c,2,1,2,5
apps/openssl-bin-req.c,2,3,6,11
crypto/sm2/libcrypto-shlib-sm2_crypt.c,0,1,5,6
ssl/quic/libssl-shlib-quic_srtm.c,2,1,7,10
crypto/pkcs7/libcrypto-lib-pk7_doit.c,6,1,2,9
ssl/libssl-lib-ssl_mcnf.c,0,0,1,1
crypto/bio/libcrypto-lib-bss_conn.c,0,0,2,2
crypto/asn1/libcrypto-lib-i2d_evp.c,0,2,2,4
crypto/des/libcrypto-shlib-pcbc_enc.c,0,0,2,2
crypto/stack/libcrypto-shlib-stack.c,0,5,9,14
crypto/bio/libcrypto-shlib-bss_log.c,0,1,0,1
crypto/libcrypto-lib-ex_data.c,0,1,7,8
crypto/ec/curve448/libcrypto-lib-scalar.c,0,1,7,8
apps/lib/libapps-lib-http_server.c,0,8,6,14
crypto/camellia/libcrypto-lib-cmll-x86_64.c,2,2,2,6
crypto/bio/libcrypto-lib-bio_print.c,2,4,14,20
apps/openssl-bin-pkeyparam.c,0,0,1,1
crypto/objects/libcrypto-shlib-obj_dat.c,1,0,6,7
crypto/conf/libcrypto-lib-conf_mod.c,2,2,5,9
crypto/cms/libcrypto-shlib-cms_sd.c,9,1,4,14
crypto/evp/libcrypto-lib-e_des.c,0,0,7,7
crypto/ui/libcrypto-lib-ui_openssl.c,1,1,3,5
ssl/record/methods/libssl-shlib-tls13_meth.c,0,0,1,1
providers/libcrypto-shlib-defltprov.c,0,1,1,2
ssl/quic/libssl-lib-quic_impl.c,0,0,14,14
test/cmp_status_test-bin-cmp_status_test.c,0,0,1,1
crypto/modes/libcrypto-lib-ccm128.c,0,0,9,9
crypto/x509/libcrypto-shlib-x509_trust.c,2,2,0,4
test/helpers/tls13ccstest-bin-ssltestlib.c,4,7,12,23
test/ssl_old_test-bin-ssl_old_test.c,8,2,7,17
providers/implementations/ciphers/libdefault-lib-cipher_tdes_hw.c,1,0,2,3
test/helpers/quic_multistream_test-bin-noisydgrambio.c,1,2,6,9
ssl/quic/libssl-lib-quic_fifd.c,1,3,3,7
crypto/cms/libcrypto-shlib-cms_smime.c,7,1,16,24
ssl/libssl-shlib-ssl_rsa.c,1,2,8,11
crypto/ffc/libcrypto-shlib-ffc_key_generate.c,0,0,1,1
providers/legacy-dso-legacyprov.c,0,0,1,1
crypto/dsa/libcrypto-shlib-dsa_ossl.c,0,0,5,5
test/testutil/libtestutil-lib-random.c,0,0,2,2
crypto/x509/libcrypto-lib-x509_trust.c,2,2,0,4
test/helpers/quic_radix_test-bin-quictestlib.c,0,1,11,12
crypto/asn1/libcrypto-shlib-ameth_lib.c,2,1,1,4
providers/implementations/signature/libdefault-lib-eddsa_sig.c,1,0,0,1
crypto/bio/libcrypto-lib-bf_readbuff.c,0,1,2,3
crypto/asn1/libcrypto-shlib-x_long.c,0,0,2,2
apps/openssl-bin-passwd.c,3,4,40,47
ssl/quic/libssl-shlib-quic_port.c,10,5,1,16
test/ct_test-bin-ct_test.c,1,1,0,2
apps/lib/libapps-lib-s_cb.c,3,9,23,35
crypto/idea/libcrypto-shlib-i_cbc.c,0,0,2,2
crypto/async/libcrypto-shlib-async_wait.c,0,5,3,8
crypto/libcrypto-shlib-context.c,1,0,0,1
crypto/bn/libcrypto-shlib-rsaz-4k-avx512.c,0,0,2,2
test/x509_internal_test-bin-x509_internal_test.c,0,0,2,2
crypto/ct/libcrypto-lib-ct_log.c,0,1,0,1
crypto/rsa/libcrypto-shlib-rsa_depr.c,0,0,1,1
providers/implementations/ciphers/liblegacy-lib-cipher_idea.c,1,0,0,1
test/evp_test-bin-evp_test.c,10,14,36,60
test/property_test-bin-property_test.c,0,2,9,11
crypto/asn1/libcrypto-lib-ameth_lib.c,2,1,1,4
crypto/evp/libcrypto-shlib-bio_enc.c,2,1,3,6
crypto/x509/libcrypto-shlib-by_store.c,0,0,3,3
crypto/conf/libcrypto-lib-conf_def.c,0,16,22,38
crypto/sha/libcrypto-shlib-keccak1600-x86_64.c,1,2,1,4
ssl/libssl-lib-ssl_rsa.c,1,2,8,11
crypto/txt_db/libcrypto-shlib-txt_db.c,0,3,16,19
crypto/rsa/libcrypto-shlib-rsa_pss.c,0,0,3,3
test/evp_extra_test2-bin-tls-provider.c,1,3,28,32
apps/lib/cmp_client_test-bin-cmp_mock_srv.c,1,1,0,2
ssl/quic/libssl-shlib-quic_record_rx.c,0,7,4,11
crypto/bn/libcrypto-lib-bn_sqrt.c,0,3,1,4
crypto/asn1/libcrypto-lib-f_string.c,0,0,4,4
fuzz/asn1parse-test-bin-test-corpus.c,0,1,1,2
crypto/asn1/libcrypto-lib-asn1_lib.c,0,3,7,10
test/helpers/quic_newcid_test-bin-quictestlib.c,0,1,11,12
crypto/md5/libcrypto-shlib-md5_dgst.c,0,0,3,3
test/helpers/quic_srt_gen_test-bin-quictestlib.c,0,1,11,12
crypto/md5/libcrypto-lib-md5-x86_64.c,0,0,1,1
crypto/x509/libcrypto-shlib-t_crl.c,0,1,0,1
crypto/evp/libcrypto-lib-exchange.c,0,0,2,2
crypto/pem/libcrypto-lib-pem_pkey.c,0,1,0,1
crypto/sha/libcrypto-shlib-sha1dgst.c,0,0,3,3
crypto/evp/libcrypto-lib-evp_enc.c,3,0,10,13
test/helpers/pkcs12_format_test-bin-pkcs12.c,1,2,1,4
apps/lib/ca_internals_test-bin-app_rand.c,0,0,3,3
crypto/pkcs12/libcrypto-shlib-p12_kiss.c,7,1,2,10
crypto/rsa/libcrypto-shlib-rsa_pk1.c,1,1,15,17
crypto/bn/libcrypto-shlib-bn_lib.c,0,0,22,22
crypto/ec/libcrypto-lib-ec_key.c,0,0,1,1
test/bio_readbuffer_test-bin-bio_readbuffer_test.c,0,2,3,5
crypto/bio/libcrypto-lib-bio_dump.c,0,3,2,5
crypto/x509/libcrypto-shlib-v3_conf.c,1,6,0,7
crypto/engine/libcrypto-lib-eng_list.c,1,0,4,5
fuzz/ml-dsa-test-bin-fuzz_rand.c,0,0,1,1
crypto/asn1/libcrypto-lib-a_strex.c,0,2,18,20
crypto/aes/libcrypto-shlib-aesni-mb-x86_64.c,0,0,8,8
fuzz/quic-rcidm-test-bin-quic-rcidm.c,0,0,4,4
crypto/rsa/libcrypto-lib-rsa_schemes.c,0,0,1,1
crypto/engine/libcrypto-lib-eng_table.c,0,1,3,4
crypto/modes/libcrypto-shlib-aes-gcm-avx512.c,72,0,0,72
ssl/quic/libssl-shlib-quic_txp.c,3,1,13,17
ssl/quic/libssl-lib-quic_thread_assist.c,0,1,0,1
crypto/libcrypto-lib-punycode.c,0,1,6,7
crypto/sha/libcrypto-shlib-sha256-mb-x86_64.c,0,1,18,19
ssl/libssl-shlib-d1_lib.c,1,2,1,4
test/helpers/quic_newcid_test-bin-ssltestlib.c,4,7,12,23
crypto/libcrypto-shlib-provider_conf.c,1,1,3,5
test/helpers/fatalerrtest-bin-ssltestlib.c,4,7,12,23
fuzz/quic-lcidm-test-bin-quic-lcidm.c,0,0,2,2
crypto/engine/libcrypto-shlib-eng_table.c,0,1,3,4
crypto/aes/libcrypto-shlib-aes-x86_64.c,5,3,6,14
crypto/chacha/libcrypto-lib-chacha-x86_64.c,0,9,48,57
crypto/evp/libcrypto-shlib-cmeth_lib.c,1,0,0,1
crypto/evp/libcrypto-shlib-p_lib.c,1,0,1,2
crypto/ts/libcrypto-lib-ts_rsp_print.c,0,1,1,2
crypto/err/libcrypto-lib-err.c,2,2,21,25
crypto/x509/libcrypto-shlib-x509_req.c,0,2,0,2
test/bio_enc_test-bin-bio_enc_test.c,6,2,3,11
crypto/pkcs12/libcrypto-shlib-p12_npas.c,0,2,0,2
test/helpers/cmp_server_test-bin-cmp_testlib.c,0,1,0,1
crypto/engine/libcrypto-lib-tb_rsa.c,1,0,0,1
crypto/rand/libcrypto-shlib-rand_uniform.c,0,1,0,1
providers/implementations/ciphers/liblegacy-lib-cipher_idea_hw.c,0,0,4,4
test/evp_extra_test-bin-fake_pipelineprov.c,0,0,8,8
crypto/engine/libcrypto-lib-tb_dsa.c,1,0,0,1
crypto/bn/libcrypto-shlib-bn_mul.c,1,5,3,9
crypto/bn/libcrypto-shlib-bn_gcd.c,0,4,4,8
crypto/evp/libcrypto-lib-ctrl_params_translate.c,5,2,4,11
providers/implementations/ciphers/liblegacy-lib-cipher_rc4.c,1,0,0,1
crypto/cms/libcrypto-shlib-cms_env.c,0,5,1,6
apps/openssl-bin-prime.c,0,3,0,3
crypto/engine/libcrypto-shlib-eng_ctrl.c,0,1,1,2
crypto/asn1/libcrypto-shlib-a_sign.c,0,0,1,1
test/helpers/cmp_asn_test-bin-cmp_testlib.c,0,1,0,1
crypto/des/libcrypto-lib-cbc_cksm.c,0,0,1,1
crypto/cms/libcrypto-lib-cms_env.c,0,5,1,6
apps/lib/libapps-lib-apps_ui.c,0,0,1,1
apps/openssl-bin-ca.c,6,4,13,23
fuzz/server-test-bin-server.c,0,0,3,3
crypto/x509/libcrypto-lib-t_acert.c,3,0,1,4
apps/openssl-bin-engine.c,2,3,7,12
test/bn_internal_test-bin-bn_internal_test.c,0,0,1,1
crypto/modes/libcrypto-lib-wrap128.c,0,1,4,5
ssl/quic/libssl-lib-quic_obj.c,0,1,2,3
crypto/sm2/libcrypto-lib-sm2_crypt.c,0,1,5,6
crypto/asn1/libcrypto-lib-a_print.c,0,1,4,5
crypto/encode_decode/libcrypto-shlib-encoder_meth.c,0,1,1,2
crypto/evp/libcrypto-shlib-e_camellia.c,0,0,2,2
crypto/idea/libcrypto-shlib-i_ofb64.c,0,0,1,1
crypto/legacy-dso-x86_64cpuid.c,1,2,10,13
ssl/quic/libssl-shlib-quic_cfq.c,0,4,2,6
crypto/des/libcrypto-lib-pcbc_enc.c,0,0,2,2
crypto/rsa/libcrypto-lib-rsa_ameth.c,0,0,1,1
crypto/bn/libcrypto-lib-bn_shift.c,0,0,4,4
crypto/x509/libcrypto-lib-v3_prn.c,2,3,0,5
crypto/thread/libssl-shlib-arch.c,0,1,1,2
providers/implementations/ciphers/libdefault-lib-cipher_camellia_hw.c,1,0,0,1
providers/implementations/kdfs/libdefault-lib-scrypt.c,0,1,10,11
crypto/pkcs12/libcrypto-lib-p12_utl.c,0,2,6,8
ssl/quic/libssl-shlib-quic_engine.c,1,1,0,2
apps/openssl-bin-dgst.c,1,3,7,11
crypto/pkcs7/libcrypto-shlib-pk7_lib.c,1,3,0,4
crypto/http/libcrypto-lib-http_client.c,1,5,9,15
crypto/x509/libcrypto-shlib-v3_authattid.c,0,1,0,1
test/sm2_internal_test-bin-sm2_internal_test.c,0,1,1,2
test/params_api_test-bin-params_api_test.c,0,0,2,2
crypto/pkcs12/libcrypto-lib-p12_add.c,1,0,0,1
crypto/cmp/libcrypto-lib-cmp_asn.c,1,0,2,3
providers/implementations/ciphers/libdefault-lib-cipher_aes_gcm_siv_polyval.c,0,0,1,1
apps/openssl-bin-smime.c,2,2,0,4
crypto/ec/libcrypto-shlib-ec_mult.c,0,3,14,17
crypto/ml_dsa/libcrypto-lib-ml_dsa_matrix.c,0,0,3,3
fuzz/asn1-test-bin-fuzz_rand.c,0,0,1,1
crypto/des/libcrypto-shlib-fcrypt.c,0,0,2,2
apps/lib/libapps-lib-app_provider.c,0,1,1,2
ssl/libssl-shlib-t1_trce.c,11,5,43,59
ssl/libssl-shlib-ssl_txt.c,0,0,5,5
crypto/aes/libcrypto-lib-aesni-sha1-x86_64.c,0,3,2,5
crypto/evp/libcrypto-shlib-e_des3.c,0,0,6,6
crypto/bio/libcrypto-shlib-bss_acpt.c,0,0,3,3
fuzz/dtlsclient-test-bin-dtlsclient.c,0,0,1,1
providers/implementations/kdfs/libdefault-lib-kbkdf.c,3,2,0,5
ssl/rio/libssl-shlib-poll_builder.c,0,0,3,3
crypto/evp/libcrypto-shlib-bio_b64.c,1,3,8,12
test/quic_multistream_test-bin-quic_multistream_test.c,4,4,13,21
crypto/ec/libcrypto-shlib-ec2_smpl.c,0,0,3,3
crypto/bn/libcrypto-lib-bn_add.c,0,1,2,3
crypto/asn1/libcrypto-lib-a_mbstr.c,0,1,7,8
crypto/rsa/libcrypto-shlib-rsa_ossl.c,0,1,3,4
crypto/des/libcrypto-lib-fcrypt.c,0,0,2,2
crypto/asn1/libcrypto-shlib-asn1_item_list.c,0,0,1,1
crypto/ts/libcrypto-lib-ts_lib.c,0,0,1,1
test/priority_queue_test-bin-priority_queue_test.c,1,0,6,7
crypto/x509/libcrypto-lib-v3_tlsf.c,0,1,1,2
ssl/quic/libssl-shlib-quic_wire.c,0,0,9,9
crypto/pem/libcrypto-shlib-pem_info.c,1,0,1,2
test/dtls_mtu_test-bin-dtls_mtu_test.c,2,0,5,7
crypto/evp/libcrypto-shlib-asymcipher.c,0,0,2,2
test/errtest-bin-errtest.c,0,2,0,2
crypto/bio/libcrypto-lib-bss_fd.c,0,1,0,1
providers/implementations/kdfs/libdefault-lib-krb5kdf.c,0,1,4,5
crypto/evp/libcrypto-shlib-bio_ok.c,0,0,6,6
fuzz/quic-client-test-bin-test-corpus.c,0,1,1,2
crypto/rsa/libcrypto-lib-rsa_pss.c,0,0,3,3
ssl/libssl-lib-t1_trce.c,11,5,43,59
crypto/x509/libcrypto-shlib-x509_lu.c,1,2,4,7
ssl/libssl-lib-ssl_txt.c,0,0,5,5
crypto/bn/libcrypto-shlib-rsaz-2k-avx512.c,0,0,1,1
crypto/evp/libcrypto-shlib-signature.c,0,1,2,3
crypto/err/libcrypto-shlib-err_save.c,2,0,6,8
crypto/ocsp/libcrypto-lib-ocsp_ext.c,2,0,0,2
test/helpers/ssl_test-bin-ssl_test_ctx.c,0,3,1,4
crypto/bn/libcrypto-shlib-x86_64-gf2m.c,3,0,0,3
test/provider_status_test-bin-provider_status_test.c,0,1,1,2
crypto/hashtable/libcrypto-lib-hashtable.c,2,5,8,15
fuzz/hashtable-test-bin-test-corpus.c,0,1,1,2
crypto/slh_dsa/libcrypto-shlib-slh_fors.c,2,1,5,8
crypto/x509/libcrypto-shlib-v3_san.c,0,2,5,7
crypto/evp/libcrypto-lib-evp_key.c,0,2,2,4
apps/ca_internals_test-bin-ca.c,6,4,13,23
crypto/slh_dsa/libcrypto-lib-slh_dsa.c,0,0,2,2
crypto/libcrypto-lib-sparse_array.c,1,2,7,10
crypto/ripemd/libcrypto-shlib-rmd_dgst.c,0,0,4,4
crypto/des/libcrypto-shlib-cfb64enc.c,0,0,2,2
crypto/bn/libcrypto-shlib-rsaz-3k-avxifma.c,0,0,2,2
crypto/sha/libcrypto-lib-sha1-mb-x86_64.c,0,2,11,13
crypto/bn/libcrypto-shlib-bn_conv.c,0,3,5,8
crypto/libcrypto-lib-core_algorithm.c,0,1,1,2
fuzz/bignum-test-bin-test-corpus.c,0,1,1,2
crypto/modes/libcrypto-lib-xts128.c,0,0,1,1
test/testutil/libtestutil-lib-load.c,0,0,1,1
crypto/bn/libcrypto-shlib-bn_intern.c,0,0,1,1
crypto/http/libcrypto-lib-http_lib.c,1,1,0,2
crypto/x509/libcrypto-shlib-by_file.c,0,2,1,3
test/provfetchtest-bin-provfetchtest.c,0,0,1,1
crypto/pem/libcrypto-lib-pem_lib.c,0,1,8,9
test/localetest-bin-localetest.c,1,0,0,1
crypto/hpke/libcrypto-shlib-hpke.c,1,0,0,1
crypto/ffc/libcrypto-lib-ffc_dh.c,0,0,3,3
crypto/asn1/libcrypto-lib-tasn_fre.c,0,2,1,3
crypto/ts/libcrypto-lib-ts_rsp_verify.c,0,3,2,5
crypto/modes/libcrypto-lib-ghash-x86_64.c,130,4,3,137
ssl/libssl-lib-ssl_conf.c,0,1,8,9
crypto/bn/libcrypto-shlib-bn_prime.c,0,13,9,22
test/secmemtest-bin-secmemtest.c,0,0,2,2
crypto/x509/libcrypto-lib-v3_pmaps.c,0,1,1,2
crypto/ml_dsa/libcrypto-lib-ml_dsa_sign.c,0,1,50,51
crypto/asn1/libcrypto-lib-a_object.c,0,1,6,7
crypto/dsa/libcrypto-lib-dsa_ossl.c,0,0,5,5
crypto/libcrypto-lib-params.c,1,0,3,4
crypto/bn/libcrypto-lib-rsaz-4k-avxifma.c,0,0,2,2
test/testutil/libtestutil-lib-fake_random.c,0,0,2,2
test/quic_srt_gen_test-bin-quic_srt_gen_test.c,0,1,0,1
crypto/bn/libcrypto-shlib-bn_word.c,0,0,4,4
test/sslcorrupttest-bin-sslcorrupttest.c,0,1,1,2
apps/openssl-bin-info.c,0,1,0,1
crypto/ffc/libcrypto-lib-ffc_key_generate.c,0,0,1,1
crypto/bn/libcrypto-lib-bn_print.c,0,0,1,1
crypto/crmf/libcrypto-lib-crmf_lib.c,0,7,1,8
crypto/hmac/libcrypto-lib-hmac.c,1,0,0,1
crypto/sm4/libcrypto-shlib-sm4.c,0,0,1,1
test/helpers/quic_newcid_test-bin-noisydgrambio.c,1,2,6,9
crypto/des/libcrypto-lib-cfb64enc.c,0,0,2,2
crypto/store/libcrypto-lib-store_lib.c,1,0,1,2
crypto/x509/libcrypto-shlib-v3_pcons.c,1,0,0,1
crypto/md5/libcrypto-shlib-md5-x86_64.c,0,0,1,1
test/provider_test-bin-provider_test.c,0,1,1,2
crypto/ec/libcrypto-shlib-ec_lib.c,0,0,3,3
ssl/statem/libssl-shlib-statem_clnt.c,4,0,4,8
crypto/bf/libcrypto-shlib-bf_enc.c,0,0,2,2
crypto/ui/libcrypto-shlib-ui_openssl.c,1,1,3,5
crypto/libcrypto-lib-der_writer.c,0,0,2,2
apps/openssl-bin-ecparam.c,0,1,1,2
providers/implementations/ciphers/libdefault-lib-cipher_aes_gcm_siv_hw.c,0,0,5,5
test/sslapitest-bin-filterprov.c,2,1,3,6
ssl/statem/libssl-shlib-extensions_clnt.c,6,3,8,17
crypto/libcrypto-shlib-threads_pthread.c,0,3,4,7
ssl/record/libssl-lib-rec_layer_s3.c,5,2,10,17
crypto/evp/libcrypto-lib-p5_crpt.c,0,0,2,2
crypto/asn1/libcrypto-lib-asn_mime.c,1,24,7,32
crypto/rc4/libcrypto-lib-rc4-x86_64.c,0,1,10,11
crypto/libcrypto-shlib-deterministic_nonce.c,0,0,2,2
test/helpers/cmp_msg_test-bin-cmp_testlib.c,0,1,0,1
crypto/engine/libcrypto-shlib-eng_list.c,1,0,4,5
ssl/quic/libssl-shlib-json_enc.c,3,1,10,14
crypto/ffc/libcrypto-lib-ffc_params_generate.c,0,4,7,11
providers/implementations/ciphers/liblegacy-lib-cipher_seed.c,1,0,0,1
crypto/ffc/libcrypto-lib-ffc_params_validate.c,1,0,0,1
crypto/bn/libcrypto-shlib-bn_exp2.c,0,2,5,7
test/helpers/recordlentest-bin-ssltestlib.c,4,7,12,23
crypto/encode_decode/libcrypto-lib-decoder_meth.c,0,1,1,2
crypto/evp/libcrypto-shlib-digest.c,0,0,1,1
crypto/evp/libcrypto-lib-kdf_meth.c,0,0,1,1
crypto/bn/libcrypto-lib-bn_x931p.c,0,1,3,4
test/helpers/cmp_vfy_test-bin-cmp_testlib.c,0,1,0,1
crypto/asn1/libcrypto-lib-a_d2i_fp.c,0,1,2,3
crypto/rsa/libcrypto-shlib-rsa_x931.c,0,0,1,1
crypto/evp/libcrypto-shlib-pmeth_lib.c,0,2,0,2
crypto/evp/libcrypto-lib-e_aes.c,0,0,6,6
crypto/x509/libcrypto-lib-v3_addr.c,6,8,10,24
crypto/ocsp/libcrypto-shlib-ocsp_vfy.c,0,1,2,3
apps/lib/libtestutil-lib-opt.c,0,19,21,40
crypto/evp/libcrypto-lib-e_aes_cbc_hmac_sha256.c,5,2,7,14
crypto/ffc/libcrypto-shlib-ffc_params_generate.c,0,4,7,11
crypto/conf/libcrypto-shlib-conf_def.c,0,16,22,38
crypto/bio/libcrypto-shlib-bf_lbuf.c,0,2,1,3
crypto/slh_dsa/libcrypto-shlib-slh_params.c,0,0,1,1
crypto/ffc/libcrypto-shlib-ffc_params_validate.c,1,0,0,1
crypto/ml_dsa/libcrypto-shlib-ml_dsa_ntt.c,0,0,8,8
crypto/ec/libcrypto-lib-ec2_smpl.c,0,0,3,3
crypto/modes/libcrypto-shlib-gcm128.c,3,3,10,16
crypto/ec/libcrypto-shlib-curve25519.c,1,2,38,41
ssl/record/methods/libssl-lib-tls_multib.c,0,0,1,1
ssl/libssl-lib-tls_srp.c,5,0,0,5
apps/openssl-bin-openssl.c,0,0,4,4
test/rand_test-bin-rand_test.c,3,0,7,10
apps/openssl-bin-cms.c,5,4,1,10
test/evp_pkey_dparams_test-bin-evp_pkey_dparams_test.c,0,0,1,1
crypto/pkcs12/libcrypto-shlib-p12_crt.c,2,0,0,2
crypto/rsa/libcrypto-lib-rsa_pk1.c,1,1,15,17
crypto/store/libcrypto-shlib-store_lib.c,1,0,1,2
crypto/bio/libcrypto-lib-bss_dgram.c,1,4,9,14
crypto/engine/libcrypto-shlib-eng_dyn.c,0,0,1,1
crypto/ts/libcrypto-shlib-ts_lib.c,0,0,1,1
crypto/ec/curve448/libcrypto-lib-f_generic.c,0,1,9,10
test/lhash_test-bin-lhash_test.c,4,0,21,25
test/wpackettest-bin-wpackettest.c,1,0,3,4
crypto/libcrypto-lib-params_dup.c,0,2,6,8
test/quic_cc_test-bin-quic_cc_test.c,0,2,2,4
ssl/statem/libssl-shlib-statem_dtls.c,1,6,6,13
test/helpers/json_test-bin-noisydgrambio.c,1,2,6,9
crypto/engine/libcrypto-lib-eng_dyn.c,0,0,1,1
crypto/cmp/libcrypto-lib-cmp_status.c,0,1,3,4
crypto/async/libcrypto-lib-async_wait.c,0,5,3,8
ssl/quic/libssl-shlib-quic_txpim.c,1,1,0,2
crypto/x509/libcrypto-shlib-v3_ist.c,0,1,0,1
crypto/conf/libcrypto-shlib-conf_mod.c,2,2,5,9
ssl/quic/libssl-lib-qlog_event_helpers.c,0,0,3,3
crypto/libcrypto-lib-o_str.c,0,2,7,9
crypto/err/libcrypto-lib-err_save.c,2,0,6,8
ssl/rio/libssl-lib-poll_builder.c,0,0,3,3
crypto/engine/libcrypto-shlib-tb_rand.c,1,0,0,1
fuzz/quic-server-test-bin-fuzz_rand.c,0,0,1,1
providers/common/libdefault-lib-digest_to_nid.c,0,0,1,1
crypto/x509/libcrypto-shlib-v3_utl.c,1,10,17,28
crypto/ocsp/libcrypto-shlib-ocsp_cl.c,0,0,1,1
test/helpers/ssl_handshake_rtt_test-bin-ssltestlib.c,4,7,12,23
crypto/engine/libcrypto-lib-tb_rand.c,1,0,0,1
crypto/bf/libcrypto-lib-bf_ofb64.c,0,0,1,1
test/helpers/json_test-bin-quictestlib.c,0,1,11,12
crypto/x509/libcrypto-lib-by_dir.c,1,4,1,6
apps/openssl-bin-speed.c,41,117,129,287
crypto/x509/libcrypto-lib-x509_v3.c,0,1,3,4
crypto/bn/libcrypto-shlib-x86_64-mont.c,8,2,32,42
test/testutil/libtestutil-lib-provider.c,0,1,2,3
crypto/bf/libcrypto-shlib-bf_ofb64.c,0,0,1,1
crypto/idea/libcrypto-lib-i_cfb64.c,0,0,2,2
crypto/engine/libcrypto-lib-eng_ctrl.c,0,1,1,2
test/quic_fifd_test-bin-quic_fifd_test.c,1,0,3,4
ssl/statem/libssl-shlib-extensions.c,0,0,9,9
ssl/libssl-shlib-tls_srp.c,5,0,0,5
crypto/asn1/ca_internals_test-bin-a_time.c,0,1,5,6
crypto/ec/libcrypto-lib-ecdsa_ossl.c,0,0,7,7
crypto/cmac/libcrypto-shlib-cmac.c,0,0,6,6
crypto/evp/libcrypto-shlib-e_chacha20_poly1305.c,0,2,5,7
crypto/encode_decode/libcrypto-shlib-decoder_pkey.c,1,1,1,3
crypto/x509/libcrypto-lib-x509_vpm.c,1,0,0,1
crypto/store/libcrypto-lib-store_result.c,0,1,1,2
ssl/quic/libssl-lib-quic_record_rx.c,0,7,4,11
ssl/quic/libssl-lib-quic_engine.c,1,1,0,2
crypto/x509/libcrypto-shlib-v3_prn.c,2,3,0,5
crypto/x509/libcrypto-shlib-v3_extku.c,0,1,1,2
crypto/x509/libcrypto-lib-v3_bcons.c,0,1,0,1
crypto/x509/libcrypto-shlib-x509_vfy.c,9,8,21,38
providers/common/libdefault-lib-bio_prov.c,0,1,0,1
test/quic_stream_test-bin-quic_stream_test.c,2,2,9,13
apps/openssl-bin-ocsp.c,2,2,3,7
crypto/libcrypto-shlib-packet.c,0,1,7,8
crypto/libcrypto-lib-param_build.c,0,1,3,4
crypto/x509/libcrypto-lib-t_req.c,2,0,2,4
test/sysdefaulttest-bin-sysdefaulttest.c,0,1,1,2
providers/implementations/ciphers/liblegacy-lib-cipher_cast5_hw.c,0,0,4,4
test/quic_wire_test-bin-quic_wire_test.c,2,0,2,4
test/d2i_test-bin-d2i_test.c,0,1,0,1
crypto/libcrypto-shlib-provider_core.c,3,1,18,22
crypto/sha/libcrypto-lib-sha1-x86_64.c,0,3,5,8
crypto/rsa/libcrypto-lib-rsa_lib.c,3,0,10,13
crypto/sha/libcrypto-lib-sha256-x86_64.c,0,0,18,18
crypto/err/libcrypto-lib-err_mark.c,1,1,2,4
crypto/ml_dsa/libcrypto-shlib-ml_dsa_params.c,0,0,1,1
crypto/asn1/libcrypto-shlib-t_pkey.c,0,0,2,2
fuzz/dtlsserver-test-bin-test-corpus.c,0,1,1,2
apps/lib/libapps-lib-names.c,0,0,1,1
crypto/des/libcrypto-lib-ofb64enc.c,0,0,1,1
crypto/ec/libcrypto-lib-ecp_smpl.c,1,0,8,9
test/helpers/cmp_status_test-bin-cmp_testlib.c,0,1,0,1
crypto/asn1/libcrypto-lib-t_spki.c,0,0,1,1
crypto/bio/libcrypto-shlib-bf_readbuff.c,0,1,2,3
crypto/evp/libcrypto-lib-e_aes_cbc_hmac_sha1.c,5,2,7,14
crypto/evp/libcrypto-shlib-p5_crpt.c,0,0,2,2
fuzz/ml-kem-test-bin-test-corpus.c,0,1,1,2
fuzz/quic-srtm-test-bin-fuzz_rand.c,0,0,1,1
test/asn1_encode_test-bin-asn1_encode_test.c,0,0,3,3
test/drbgtest-bin-drbgtest.c,2,1,6,9
crypto/bio/libcrypto-lib-bf_prefix.c,0,1,2,3
apps/lib/libapps-lib-app_rand.c,0,0,3,3
crypto/sha/libcrypto-lib-sha512-x86_64.c,0,0,12,12
crypto/evp/libcrypto-shlib-e_rc2.c,0,0,5,5
ssl/record/methods/libssl-shlib-tls_pad.c,0,0,3,3
test/http_test-bin-http_test.c,0,1,1,2
providers/implementations/kdfs/libdefault-lib-tls1_prf.c,1,2,1,4
crypto/md5/liblegacy-lib-md5-x86_64.c,0,0,1,1
crypto/pkcs12/libcrypto-lib-p12_kiss.c,7,1,2,10
apps/openssl-bin-rand.c,1,3,2,6
providers/implementations/encode_decode/libdefault-lib-ml_dsa_codecs.c,0,1,1,2
test/evp_extra_test2-bin-evp_extra_test2.c,2,0,0,2
test/quicapitest-bin-quicapitest.c,0,7,18,25
crypto/bio/libcrypto-shlib-bss_mem.c,0,0,1,1
crypto/aes/libcrypto-lib-bsaes-x86_64.c,0,2,9,11
crypto/idea/libcrypto-lib-i_skey.c,0,1,2,3
crypto/bn/libcrypto-shlib-bn_recp.c,0,1,0,1
test/evp_skey_test-bin-fake_cipherprov.c,0,0,2,2
ssl/quic/libssl-lib-quic_ackm.c,0,4,10,14
test/ecstresstest-bin-ecstresstest.c,0,1,2,3
crypto/ess/libcrypto-lib-ess_lib.c,0,4,2,6
providers/implementations/keymgmt/libdefault-lib-rsa_kmgmt.c,1,0,0,1
crypto/pkcs12/libcrypto-lib-p12_npas.c,0,2,0,2
apps/openssl-bin-s_client.c,14,7,18,39
ssl/quic/libssl-shlib-quic_reactor_wait_ctx.c,1,2,0,3
crypto/slh_dsa/libcrypto-lib-slh_hypertree.c,0,0,2,2
crypto/bn/libcrypto-shlib-bn_mod.c,0,0,6,6
crypto/cmp/libcrypto-shlib-cmp_hdr.c,0,1,1,2
crypto/rand/libcrypto-shlib-rand_lib.c,0,0,1,1
providers/implementations/ciphers/liblegacy-lib-cipher_cast5.c,1,0,0,1
fuzz/ml-kem-test-bin-fuzz_rand.c,0,0,1,1
crypto/srp/libcrypto-lib-srp_vfy.c,6,2,1,9
crypto/modes/libcrypto-shlib-wrap128.c,0,1,4,5
crypto/sha/libcrypto-lib-sha512.c,3,0,1,4
crypto/x509/libcrypto-lib-v3_info.c,0,0,2,2
crypto/legacy-dso-cpuid.c,0,3,2,5
providers/implementations/ciphers/libdefault-lib-cipher_sm4_hw.c,1,0,0,1
crypto/ffc/libcrypto-shlib-ffc_dh.c,0,0,3,3
crypto/asn1/libcrypto-shlib-asn1_lib.c,0,3,7,10
ssl/quic/libssl-shlib-quic_wire_pkt.c,2,0,3,5
crypto/libcrypto-lib-trace.c,0,0,2,2
crypto/whrlpool/libcrypto-lib-wp-x86_64.c,0,0,2,2
crypto/asn1/libcrypto-shlib-f_string.c,0,0,4,4
crypto/libcrypto-lib-params_from_text.c,0,0,3,3
crypto/engine/libcrypto-shlib-tb_dsa.c,1,0,0,1
test/helpers/quic_srt_gen_test-bin-ssltestlib.c,4,7,12,23
crypto/bn/libcrypto-shlib-bn_exp.c,1,5,37,43
crypto/ec/curve448/arch_64/libcrypto-shlib-f_impl64.c,0,0,1,1
crypto/x509/libcrypto-lib-v3_purp.c,1,5,1,7
crypto/sha/libcrypto-lib-keccak1600-x86_64.c,1,2,1,4
test/quic_ackm_test-bin-quic_ackm_test.c,0,1,12,13
crypto/x509/libcrypto-shlib-x509_obj.c,0,2,4,6
crypto/libcrypto-lib-initthread.c,0,5,4,9
crypto/bio/libcrypto-lib-bss_acpt.c,0,0,3,3
apps/openssl-bin-version.c,0,1,0,1
ssl/statem/libssl-lib-extensions_srvr.c,0,4,10,14
fuzz/dtlsserver-test-bin-dtlsserver.c,0,0,1,1
crypto/bn/libcrypto-lib-rsaz-3k-avxifma.c,0,0,2,2
crypto/rsa/libcrypto-shlib-rsa_mp.c,0,0,1,1
crypto/des/libcrypto-shlib-str2key.c,0,1,1,2
crypto/ml_kem/libcrypto-lib-ml_kem.c,0,4,64,68
ssl/libssl-lib-ssl_asn1.c,3,0,2,5
crypto/conf/libcrypto-lib-conf_ssl.c,0,0,5,5
fuzz/server-test-bin-test-corpus.c,0,1,1,2
test/helpers/dtlstest-bin-ssltestlib.c,4,7,12,23
crypto/x509/libcrypto-lib-v3_akid.c,0,1,1,2
fuzz/asn1-test-bin-asn1.c,0,0,1,1
crypto/bn/libcrypto-shlib-rsaz-4k-avxifma.c,0,0,2,2
crypto/ml_dsa/libcrypto-lib-ml_dsa_key.c,0,0,11,11
crypto/rsa/libcrypto-shlib-rsa_ameth.c,0,0,1,1
providers/implementations/rands/seeding/libdefault-lib-rand_unix.c,1,1,5,7
ssl/statem/libssl-lib-statem_dtls.c,1,6,6,13
test/evp_xof_test-bin-evp_xof_test.c,1,0,4,5
crypto/modes/libcrypto-shlib-ccm128.c,0,0,9,9
crypto/bio/libcrypto-shlib-bio_lib.c,0,3,7,10
crypto/des/libcrypto-lib-cfb_enc.c,0,2,4,6
providers/implementations/kdfs/libdefault-lib-argon2.c,13,6,21,40
crypto/x509/libcrypto-lib-v3_crld.c,3,2,4,9
crypto/evp/libcrypto-lib-bio_b64.c,1,3,8,12
crypto/cmp/libcrypto-lib-cmp_vfy.c,2,1,3,6
crypto/ec/curve448/libcrypto-shlib-f_generic.c,0,1,9,10
crypto/evp/libcrypto-lib-e_camellia.c,0,0,2,2
ssl/quic/libssl-lib-quic_tls.c,0,2,0,2
ssl/record/methods/libssl-lib-tls13_meth.c,0,0,1,1
apps/openssl-bin-ec.c,0,1,1,2
crypto/x509/libcrypto-lib-v3_attrmap.c,0,0,1,1
crypto/sha/libcrypto-shlib-sha512.c,3,0,1,4
crypto/conf/libcrypto-lib-conf_api.c,0,0,1,1
test/sm4_internal_test-bin-sm4_internal_test.c,0,0,2,2
apps/openssl-bin-ts.c,1,2,1,4
crypto/libcrypto-lib-deterministic_nonce.c,0,0,2,2
crypto/x509/libcrypto-shlib-v3_attrmap.c,0,0,1,1
ssl/quic/libssl-shlib-qlog_event_helpers.c,0,0,3,3
test/helpers/json_test-bin-pktsplitbio.c,0,0,3,3
providers/implementations/ciphers/liblegacy-lib-cipher_des_hw.c,1,0,7,8
test/algorithmid_test-bin-algorithmid_test.c,0,0,1,1
crypto/evp/libcrypto-lib-mac_meth.c,0,0,1,1
crypto/err/libcrypto-shlib-err.c,2,2,21,25
crypto/cast/libcrypto-shlib-c_ofb64.c,0,0,1,1
crypto/bio/libcrypto-lib-bf_buff.c,0,5,5,10
crypto/conf/libcrypto-lib-conf_lib.c,0,1,0,1
providers/implementations/encode_decode/libdefault-lib-ml_common_codecs.c,0,0,2,2
providers/implementations/encode_decode/libdefault-lib-encode_key2any.c,0,0,1,1
ssl/record/methods/libcommon-lib-tls_pad.c,0,0,3,3
providers/implementations/kem/libdefault-lib-ec_kem.c,0,0,1,1
crypto/des/libcrypto-lib-str2key.c,0,1,1,2
ssl/libssl-lib-ssl_lib.c,3,6,32,41
crypto/crmf/libcrypto-lib-crmf_pbm.c,0,0,1,1
crypto/x509/libcrypto-lib-v3_usernotice.c,1,0,1,2
crypto/x509/libcrypto-shlib-x509_att.c,0,0,2,2
crypto/evp/libcrypto-lib-e_sm4.c,0,0,1,1
ssl/libssl-shlib-s3_enc.c,0,0,4,4
crypto/ml_dsa/libcrypto-lib-ml_dsa_params.c,0,0,1,1
ssl/libssl-lib-s3_lib.c,2,1,9,12
fuzz/quic-lcidm-test-bin-fuzz_rand.c,0,0,1,1
ssl/statem/libssl-lib-statem_lib.c,4,2,12,18
test/helpers/sslcorrupttest-bin-ssltestlib.c,4,7,12,23
crypto/des/libcrypto-shlib-ofb64enc.c,0,0,1,1
crypto/evp/libcrypto-shlib-evp_key.c,0,2,2,4
apps/openssl-bin-s_time.c,0,3,2,5
crypto/des/libcrypto-shlib-cfb_enc.c,0,2,4,6
crypto/libcrypto-shlib-punycode.c,0,1,6,7
ssl/libssl-shlib-ssl_lib.c,3,6,32,41
crypto/asn1/libcrypto-lib-asn1_item_list.c,0,0,1,1
providers/implementations/ciphers/libdefault-lib-cipher_chacha20_poly1305_hw.c,0,0,3,3
crypto/rc2/libcrypto-lib-rc2ofb64.c,0,0,1,1
crypto/bn/libcrypto-lib-bn_nist.c,1,0,4,5
crypto/tls13secretstest-bin-packet.c,0,1,9,10
crypto/cms/libcrypto-lib-cms_pwri.c,1,0,0,1
crypto/x509/libcrypto-shlib-v3_ncons.c,1,3,15,19
fuzz/punycode-test-bin-test-corpus.c,0,1,1,2
crypto/ec/libcrypto-shlib-ecp_smpl.c,1,0,8,9
crypto/err/libcrypto-shlib-err_mark.c,1,1,2,4
apps/openssl-bin-enc.c,2,4,3,9
crypto/x509/libcrypto-shlib-v3_usernotice.c,1,0,1,2
ssl/statem/libssl-lib-statem_clnt.c,4,0,4,8
crypto/engine/libcrypto-shlib-tb_rsa.c,1,0,0,1
apps/lib/openssl-bin-cmp_mock_srv.c,1,1,0,2
crypto/x509/libcrypto-lib-v3_ist.c,0,1,0,1
test/decoder_propq_test-bin-decoder_propq_test.c,0,1,1,2
ssl/statem/libssl-lib-extensions_cust.c,0,2,8,10
crypto/x509/libcrypto-lib-v3_utl.c,1,10,17,28
crypto/idea/libcrypto-shlib-i_skey.c,0,1,2,3
crypto/engine/libcrypto-lib-tb_pkmeth.c,1,1,1,3
apps/openssl-bin-rehash.c,1,5,9,15
crypto/evp/libcrypto-shlib-e_xcbc_d.c,0,0,1,1
crypto/bn/libcrypto-shlib-rsaz-3k-avx512.c,0,0,1,1
apps/openssl-bin-storeutl.c,0,3,1,4
crypto/x509/libcrypto-shlib-v3_enum.c,0,1,0,1
ssl/record/methods/libssl-lib-dtls_meth.c,0,2,1,3
crypto/conf/libcrypto-shlib-conf_api.c,0,0,1,1
crypto/x509/libcrypto-shlib-by_dir.c,1,4,1,6
test/helpers/cmp_hdr_test-bin-cmp_testlib.c,0,1,0,1
crypto/ts/libcrypto-lib-ts_conf.c,1,3,0,4
crypto/bio/libcrypto-shlib-bio_dump.c,0,3,2,5
fuzz/client-test-bin-fuzz_rand.c,0,0,1,1
crypto/objects/libcrypto-lib-o_names.c,0,1,2,3
crypto/x509/libcrypto-lib-pcy_tree.c,8,2,9,19
crypto/conf/libcrypto-shlib-conf_lib.c,0,1,0,1
crypto/ec/libcrypto-shlib-eck_prn.c,2,0,1,3
test/upcallstest-bin-upcallstest.c,0,1,1,2
crypto/ess/libcrypto-shlib-ess_lib.c,0,4,2,6
crypto/whrlpool/libcrypto-shlib-wp_dgst.c,1,2,5,8
crypto/rsa/libcrypto-shlib-rsa_backend.c,0,0,4,4
providers/implementations/ciphers/libdefault-lib-cipher_aes_hw.c,1,0,0,1
crypto/x509/libcrypto-lib-v3_sxnet.c,0,1,2,3
crypto/x509/libcrypto-shlib-x509_cmp.c,2,4,2,8
crypto/evp/libcrypto-shlib-evp_enc.c,3,0,10,13
crypto/bn/libcrypto-shlib-bn_div.c,0,1,4,5
crypto/engine/libcrypto-shlib-tb_pkmeth.c,1,1,1,3
apps/openssl-bin-asn1parse.c,0,2,1,3
fuzz/quic-rcidm-test-bin-test-corpus.c,0,1,1,2
test/dtlsv1listentest-bin-dtlsv1listentest.c,0,1,0,1
crypto/rc4/libcrypto-lib-rc4-md5-x86_64.c,0,0,1,1
crypto/property/libcrypto-lib-property_parse.c,0,15,18,33
providers/implementations/keymgmt/libdefault-lib-ml_kem_kmgmt.c,0,0,1,1
test/helpers/servername_test-bin-ssltestlib.c,4,7,12,23
crypto/ml_dsa/libcrypto-lib-ml_dsa_encoders.c,0,1,29,30
ssl/quic/libssl-lib-quic_txpim.c,1,1,0,2
crypto/hpke/libcrypto-shlib-hpke_util.c,0,2,5,7
crypto/x509/libcrypto-lib-x509_acert.c,0,1,1,2
providers/implementations/macs/libdefault-lib-blake2b_mac.c,1,0,1,2
crypto/des/libcrypto-shlib-cbc_enc.c,0,0,2,2
fuzz/smime-test-bin-smime.c,0,1,0,1
crypto/asn1/libcrypto-shlib-t_bitst.c,0,1,1,2
crypto/cmp/libcrypto-shlib-cmp_msg.c,0,3,0,3
providers/implementations/signature/libdefault-lib-ecdsa_sig.c,1,0,0,1
crypto/evp/libcrypto-lib-keymgmt_meth.c,0,0,1,1
crypto/rand/libcrypto-lib-randfile.c,0,0,1,1
crypto/bn/libcrypto-lib-bn_blind.c,0,0,2,2
crypto/x509/libcrypto-shlib-x509_acert.c,0,1,1,2
crypto/evp/libcrypto-lib-asymcipher.c,0,0,2,2
crypto/bn/libcrypto-shlib-bn_kron.c,0,3,0,3
ssl/libssl-shlib-ssl_cert.c,2,6,15,23
crypto/x509/libcrypto-shlib-v3_bitst.c,0,2,2,4
ssl/libssl-shlib-priority_queue.c,0,1,6,7
test/helpers/asynciotest-bin-ssltestlib.c,4,7,12,23
ssl/record/methods/libssl-shlib-tls_multib.c,0,0,1,1
crypto/hpke/libcrypto-lib-hpke.c,1,0,0,1
crypto/asn1/libcrypto-shlib-a_d2i_fp.c,0,1,2,3
crypto/rc4/liblegacy-lib-rc4-x86_64.c,0,1,10,11
crypto/conf/libcrypto-shlib-conf_ssl.c,0,0,5,5
test/helpers/cmp_ctx_test-bin-cmp_testlib.c,0,1,0,1
crypto/evp/libcrypto-lib-bio_ok.c,0,0,6,6
crypto/bio/libcrypto-lib-bss_bio.c,0,2,1,3
crypto/ct/libcrypto-shlib-ct_prn.c,0,1,1,2
crypto/x509/libcrypto-shlib-v3_admis.c,2,2,0,4
crypto/libcrypto-shlib-provider_child.c,0,1,1,2
ssl/record/libssl-shlib-rec_layer_d1.c,0,1,2,3
providers/implementations/digests/libdefault-lib-blake2s_prov.c,2,0,1,3
crypto/ffc/libcrypto-shlib-ffc_params.c,1,1,0,2
crypto/libssl-shlib-packet.c,0,1,7,8
crypto/modes/libcrypto-lib-gcm128.c,3,3,10,16
crypto/asn1/libcrypto-shlib-asn_mime.c,1,24,7,32
test/bntest-bin-bntest.c,1,6,34,41
test/evp_extra_test-bin-fake_rsaprov.c,1,0,0,1
crypto/rsa/libcrypto-shlib-rsa_lib.c,3,0,10,13
crypto/sha/libcrypto-shlib-sha1-mb-x86_64.c,0,2,11,13
test/bftest-bin-bftest.c,3,1,11,15
crypto/evp/libcrypto-lib-evp_rand.c,0,2,1,3
test/helpers/ssl_test-bin-handshake.c,0,1,2,3
crypto/bn/libcrypto-shlib-bn_gf2m.c,0,6,22,28
test/evp_fetch_prov_test-bin-evp_fetch_prov_test.c,0,0,2,2
crypto/sha/libcrypto-lib-sha3.c,1,0,0,1
crypto/evp/libcrypto-lib-e_des3.c,0,0,6,6
test/testutil/libtestutil-lib-stanza.c,1,0,4,5
crypto/x509/libcrypto-lib-pcy_node.c,0,1,1,2
crypto/cast/libcrypto-lib-c_ofb64.c,0,0,1,1
crypto/encode_decode/libcrypto-lib-encoder_pkey.c,1,0,2,3
crypto/des/libcrypto-lib-cbc_enc.c,0,0,2,2
test/bio_dgram_test-bin-bio_dgram_test.c,4,0,8,12
crypto/rand/libcrypto-lib-rand_uniform.c,0,1,0,1
test/helpers/quic_radix_test-bin-pktsplitbio.c,0,0,3,3
ssl/quic/libssl-lib-quic_reactor_wait_ctx.c,1,2,0,3
crypto/http/libcrypto-shlib-http_client.c,1,5,9,15
providers/implementations/ciphers/libdefault-lib-cipher_tdes_default_hw.c,0,0,4,4
crypto/sha/libcrypto-lib-sha256.c,0,0,3,3
crypto/ocsp/libcrypto-shlib-ocsp_prn.c,4,0,0,4
crypto/ct/libcrypto-shlib-ct_sct.c,0,0,1,1
ssl/quic/libssl-shlib-quic_thread_assist.c,0,1,0,1
apps/openssl-bin-pkcs8.c,0,1,0,1
crypto/siphash/libssl-shlib-siphash.c,0,0,7,7
crypto/bn/libcrypto-lib-rsaz_exp_x2.c,4,1,6,11
test/x509_check_cert_pkey_test-bin-x509_check_cert_pkey_test.c,0,1,0,1
test/casttest-bin-casttest.c,0,0,1,1
apps/openssl-bin-cmp.c,2,5,16,23
crypto/evp/libcrypto-lib-m_sigver.c,0,0,1,1
crypto/md4/libcrypto-lib-md4_dgst.c,0,0,4,4
crypto/libcrypto-lib-x86_64cpuid.c,1,2,10,13
crypto/asn1/libcrypto-shlib-a_object.c,0,1,6,7
crypto/sha/libcrypto-shlib-sha3.c,1,0,0,1
crypto/bn/libcrypto-lib-rsaz_exp.c,0,0,3,3
test/bad_dtls_test-bin-bad_dtls_test.c,0,0,3,3
crypto/bn/libcrypto-lib-bn_intern.c,0,0,1,1
ssl/libssl-shlib-t1_lib.c,9,15,59,83
crypto/property/libcrypto-shlib-property_parse.c,0,15,18,33
crypto/bf/libcrypto-shlib-bf_skey.c,1,0,3,4
crypto/asn1/libcrypto-shlib-tasn_fre.c,0,2,1,3
crypto/ct/libcrypto-lib-ct_x509v3.c,0,2,0,2
test/helpers/rpktest-bin-ssltestlib.c,4,7,12,23
crypto/bio/libcrypto-shlib-bss_conn.c,0,0,2,2
ssl/rio/libssl-lib-poll_immediate.c,0,2,11,13
apps/openssl-bin-pkcs12.c,6,4,5,15
crypto/whrlpool/libcrypto-lib-wp_dgst.c,1,2,5,8
crypto/aes/libcrypto-shlib-aesni-sha256-x86_64.c,0,0,12,12
crypto/ct/libcrypto-lib-ct_oct.c,3,1,1,5
crypto/x509/libcrypto-lib-v3_san.c,0,2,5,7
crypto/cmac/libcrypto-lib-cmac.c,0,0,6,6
crypto/cms/libcrypto-shlib-cms_att.c,0,0,2,2
crypto/slh_dsa/libcrypto-shlib-slh_xmss.c,0,0,2,2
ssl/quic/libssl-lib-uint_set.c,0,6,1,7
crypto/stack/libcrypto-lib-stack.c,0,5,9,14
crypto/libcrypto-lib-threads_pthread.c,0,3,4,7
crypto/bn/libcrypto-shlib-bn_sqr.c,0,0,2,2
crypto/x509/libcrypto-lib-x509cset.c,0,1,0,1
crypto/rand/libcrypto-shlib-rand_pool.c,0,0,3,3
crypto/libcrypto-shlib-sparse_array.c,1,2,7,10
crypto/cms/libcrypto-lib-cms_att.c,0,0,2,2
test/helpers/quic_srt_gen_test-bin-pktsplitbio.c,0,0,3,3
test/helpers/quic_newcid_test-bin-pktsplitbio.c,0,0,3,3
crypto/sha/libcrypto-shlib-sha256.c,0,0,3,3
crypto/srp/libcrypto-shlib-srp_lib.c,0,0,1,1
test/hpke_test-bin-hpke_test.c,8,4,11,23
crypto/aes/libcrypto-lib-vpaes-x86_64.c,0,0,2,2
crypto/hashtable/libcrypto-lib-hashfunc.c,0,0,1,1
test/test_test-bin-test_test.c,1,0,0,1
crypto/engine/libcrypto-shlib-tb_dh.c,1,0,0,1
crypto/asn1/libcrypto-shlib-asn1_parse.c,0,12,30,42
test/helpers/tls13groupselection_test-bin-ssltestlib.c,4,7,12,23
ssl/libssl-shlib-ssl_ciph.c,0,15,17,32
crypto/slh_dsa/libcrypto-shlib-slh_wots.c,0,0,9,9
crypto/modes/libcrypto-shlib-xts128.c,0,0,1,1
crypto/libcrypto-lib-mem_sec.c,2,3,1,6
crypto/evp/libcrypto-lib-digest.c,0,0,1,1
crypto/x509/libcrypto-shlib-v3_cpols.c,4,3,1,8
crypto/evp/libcrypto-lib-bio_enc.c,2,1,3,6
crypto/rsa/libcrypto-shlib-rsa_oaep.c,0,0,8,8
crypto/poly1305/libcrypto-lib-poly1305-x86_64.c,1,4,17,22
crypto/bn/libcrypto-shlib-bn_mont.c,0,0,4,4
crypto/hpke/libcrypto-lib-hpke_util.c,0,2,5,7
crypto/rand/libcrypto-lib-rand_pool.c,0,0,3,3
crypto/rc2/libcrypto-shlib-rc2ofb64.c,0,0,1,1
test/sslbuffertest-bin-sslbuffertest.c,0,0,6,6
crypto/aes/libcrypto-lib-aesni-mb-x86_64.c,0,0,8,8
apps/lib/ca_internals_test-bin-apps_ui.c,0,0,1,1
crypto/x509/libcrypto-lib-pcy_map.c,1,0,0,1
crypto/libcrypto-lib-init.c,0,1,0,1
test/hmactest-bin-hmactest.c,0,0,8,8
crypto/cms/libcrypto-shlib-cms_pwri.c,1,0,0,1
crypto/x509/libcrypto-shlib-x509name.c,0,0,3,3
crypto/cast/libcrypto-lib-c_enc.c,0,0,2,2
crypto/libcrypto-shlib-cpuid.c,0,3,2,5
test/ml_kem_internal_test-bin-ml_kem_internal_test.c,0,0,1,1
providers/common/liblegacy-lib-provider_util.c,0,0,1,1
ssl/quic/libssl-lib-quic_wire_pkt.c,2,0,3,5
crypto/bn/libcrypto-shlib-bn_ctx.c,0,1,4,5
fuzz/dtlsclient-test-bin-fuzz_rand.c,0,0,1,1
providers/implementations/kdfs/libdefault-lib-pbkdf2.c,0,0,2,2
providers/implementations/digests/libdefault-lib-blake2_prov.c,2,0,0,2
crypto/ec/curve448/libcrypto-lib-eddsa.c,1,0,1,2
crypto/pkcs7/libcrypto-lib-pk7_lib.c,1,3,0,4
apps/openssl-bin-list.c,6,3,19,28
crypto/bn/libcrypto-shlib-bn_rand.c,0,8,5,13
crypto/property/libcrypto-shlib-property.c,4,2,3,9
crypto/x509/libcrypto-shlib-v3_asid.c,2,2,4,8
providers/implementations/signature/libdefault-lib-dsa_sig.c,1,0,0,1
crypto/ocsp/libcrypto-shlib-v3_ocsp.c,0,1,0,1
