File,for/loops,while/loops,do-while/loops,total/loops,total/nodes
modules/cvtt/image_compress_cvtt.c,3,0,13,16,11940
thirdparty/glslang/SPIRV/SPVRemapper.c,31,77,85,193,136825
servers/rendering/renderer_rd/storage_rd/texture_storage.c,30,66,182,278,293567
scene/resources/syntax_highlighter.c,14,19,56,89,188438
editor/export/editor_export_plugin.c,7,5,33,45,200339
thirdparty/libvorbis/bitrate.c,2,0,5,7,4699
thirdparty/icu4c/common/udataswp.c,3,0,5,8,5225
modules/gdscript/gdscript_byte_codegen.c,45,75,176,296,324967
core/math/quaternion.c,1,0,0,1,20535
modules/gdscript/language_server/gdscript_workspace.c,15,32,128,175,222290
editor/import_dock.c,21,31,104,156,174956
servers/rendering/renderer_rd/effects/copy_effects.c,25,22,156,203,174937
thirdparty/embree/common/lexers/stringstream.c,3,2,6,11,37367
editor/plugins/abstract_polygon_2d_editor.c,10,8,16,34,77585
scene/gui/button.c,6,2,10,18,201132
scene/gui/rich_text_label.c,48,56,198,302,852316
scene/3d/velocity_tracker_3d.c,3,0,10,13,39523
editor/shader_globals_editor.c,12,6,28,46,72792
editor/plugins/plugin_config_dialog.c,22,4,13,39,73756
scene/3d/skeleton_3d.c,17,26,81,124,401848
modules/godot_physics_2d/godot_step_2d.c,4,2,16,22,13692
thirdparty/freetype/src/pfr/pfr.c,9,8,23,40,32003
thirdparty/zstd/decompress/huf_decompress_amd64.c,5,1,1,7,2134
thirdparty/thorvg/src/renderer/tvgShape.c,1,0,4,5,22861
thirdparty/harfbuzz/src/hb-ot-name.c,1,20,27,48,21085
scene/resources/audio_stream_polyphonic.c,17,2,23,42,99435
thirdparty/libwebp/src/mux/anim_encode.c,7,6,21,34,22380
thirdparty/libpng/intel/filter_sse2_intrinsics.c,4,0,6,10,13892
thirdparty/freetype/src/truetype/truetype.c,26,21,117,164,134303
thirdparty/jolt_physics/Jolt/Physics/Collision/EstimateCollisionResponse.c,2,0,5,7,11195
thirdparty/freetype/src/cff/cff.c,29,15,45,89,57385
thirdparty/embree/common/sys/thread.c,52,1,11,64,13489
modules/gdscript/gdscript_disassembler.c,0,22,2,24,89577
editor/gui/editor_bottom_panel.c,18,16,24,58,65523
servers/rendering/renderer_rd/storage_rd/render_scene_buffers_rd.c,9,16,79,104,351195
editor/create_dialog.c,20,51,117,188,194532
modules/jolt_physics/shapes/jolt_custom_ray_shape.c,2,0,7,9,14634
thirdparty/mbedtls/library/psa_crypto_slot_management.c,2,4,5,11,5343
thirdparty/embree/kernels/bvh/bvh4_factory.c,105,0,0,105,73522
editor/themes/editor_theme.c,6,20,23,49,59629
scene/resources/compressed_texture.c,19,2,15,36,107885
thirdparty/libvorbis/floor1.c,5,9,43,57,16292
core/variant/variant.c,2,40,115,157,168357
scene/gui/box_container.c,11,6,16,33,67133
scene/resources/3d/primitive_meshes.c,39,28,111,178,572045
thirdparty/basis_universal/encoder/basisu_uastc_enc.c,49,33,146,228,320343
thirdparty/icu4c/common/bytestriebuilder.c,1,4,4,9,14618
scene/gui/tree.c,69,47,141,257,1024382
thirdparty/icu4c/common/ubidi.c,4,6,57,67,39529
modules/openxr/extensions/openxr_extension_wrapper_extension.c,22,3,19,44,172398
scene/2d/camera_2d.c,5,11,20,36,182880
thirdparty/freetype/src/cache/ftcache.c,1,15,26,42,30587
thirdparty/icu4c/common/utrie2.c,12,1,7,20,10281
editor/inspector_dock.c,11,18,44,73,118042
thirdparty/rvo2/rvo2_2d/Agent2d.c,1,0,14,15,16408
thirdparty/harfbuzz/src/hb-subset-input.c,10,10,28,48,20455
editor/gui/editor_title_bar.c,12,0,9,21,28757
thirdparty/graphite/src/GlyphCache.c,5,2,9,16,12337
thirdparty/libpng/pngwrite.c,4,2,19,25,20858
editor/dependency_editor.c,27,33,108,168,202342
thirdparty/jolt_physics/Jolt/Physics/Collision/Shape/CylinderShape.c,3,1,6,10,25542
thirdparty/jolt_physics/Jolt/Physics/SoftBody/SoftBodySharedSettings.c,78,64,171,313,173061
scene/3d/occluder_instance_3d.c,17,9,49,75,220970
servers/physics_server_3d.c,17,15,87,119,1009924
servers/register_server_types.c,75,30,230,335,1066687
editor/plugins/editor_plugin.c,11,8,32,51,380632
editor/code_editor.c,21,31,76,128,211306
core/input/input.c,32,61,129,222,458846
thirdparty/libvorbis/info.c,3,3,28,34,11596
thirdparty/pcre2/src/pcre2_compile_32.c,6,22,50,78,99755
scene/gui/link_button.c,8,0,9,17,107216
editor/import/audio_stream_import_settings.c,22,11,38,71,124835
editor/editor_dock_manager.c,21,28,58,107,171438
editor/gui/editor_version_button.c,9,0,9,18,28164
servers/rendering/storage/render_scene_data.c,8,2,22,32,100766
scene/resources/2d/skeleton/skeleton_modification_2d_lookat.c,6,1,10,17,74443
modules/jolt_physics/jolt_physics_server_3d.c,10,9,41,60,159317
modules/jolt_physics/joints/jolt_generic_6dof_joint_3d.c,6,0,3,9,22114
scene/gui/video_stream_player.c,6,4,20,30,125814
editor/plugins/gizmos/gpu_particles_collision_3d_gizmo_plugin.c,14,2,12,28,42294
platform/linuxbsd/tts_linux.c,3,12,29,44,42600
thirdparty/embree/kernels/common/state.c,19,5,29,53,176930
scene/gui/menu_button.c,7,4,24,35,75737
editor/plugins/version_control_editor_plugin.c,14,30,74,118,219698
core/math/a_star.c,8,33,92,133,306693
scene/gui/view_panner.c,7,0,8,15,30517
editor/plugins/mesh_instance_3d_editor_plugin.c,20,12,34,66,110722
core/io/file_access_zip.c,4,5,20,29,33514
servers/rendering/rendering_server_default.c,5,3,96,104,740460
editor/editor_layouts_dialog.c,17,6,25,48,68786
thirdparty/icu4c/common/uloc.c,16,15,25,56,36330
core/math/vector4.c,2,0,11,13,13901
scene/3d/skeleton_ik_3d.c,7,4,20,31,152483
thirdparty/jolt_physics/Jolt/Physics/Collision/Shape/SphereShape.c,3,0,4,7,20298
editor/editor_locale_dialog.c,13,9,24,46,81721
thirdparty/recastnavigation/Recast/Source/RecastMeshDetail.c,3,7,46,56,29638
editor/plugins/embedded_process.c,6,4,16,26,41400
scene/gui/scroll_bar.c,9,4,11,24,71675
thirdparty/jolt_physics/Jolt/Physics/Collision/Shape/Shape.c,42,24,56,122,69566
scene/gui/progress_bar.c,6,0,14,20,65327
editor/project_manager/project_dialog.c,17,21,63,101,184609
thirdparty/meshoptimizer/vertexcodec.c,13,4,16,33,17650
thirdparty/icu4c/common/putil.c,1,1,6,8,10178
scene/2d/cpu_particles_2d.c,34,12,59,105,415913
scene/2d/line_2d.c,6,2,13,21,195985
editor/plugins/text_editor.c,23,9,21,53,101984
thirdparty/jolt_physics/Jolt/Renderer/DebugRendererSimple.c,2,1,3,6,5214
thirdparty/miniupnpc/src/miniupnpc.c,8,6,10,24,9718
modules/gltf/gltf_document.c,115,131,442,688,1042257
thirdparty/jolt_physics/Jolt/Physics/Ragdoll/Ragdoll.c,16,14,57,87,57252
thirdparty/mbedtls/library/ecjpake.c,5,0,3,8,8028
modules/gltf/editor/editor_scene_exporter_gltf_plugin.c,12,11,36,59,63005
scene/gui/graph_element.c,7,2,13,22,64726
thirdparty/basis_universal/encoder/basisu_backend.c,13,22,123,158,69498
thirdparty/mbedtls/library/ripemd160.c,5,0,3,8,14178
thirdparty/embree/kernels/bvh/bvh_intersector_hybrid4_bvh4.c,101,62,100,263,556924
scene/resources/shader.c,13,14,61,88,154963
editor/plugins/gizmos/gizmo_3d_helper.c,2,0,2,4,10705
servers/rendering/shader_language.c,57,178,531,766,777436
editor/action_map_editor.c,15,21,48,84,119584
core/io/ip.c,10,10,45,65,114571
thirdparty/mbedtls/library/psa_crypto.c,10,3,7,20,68161
thirdparty/misc/qoa.c,1,1,13,15,5839
core/core_bind.c,43,66,200,309,1241538
editor/editor_undo_redo_manager.c,4,7,37,48,116460
servers/audio/effects/audio_effect_hard_limiter.c,9,1,16,26,52617
modules/jolt_physics/shapes/jolt_custom_motion_shape.c,3,0,0,3,8781
thirdparty/jolt_physics/Jolt/Physics/SoftBody/SoftBodyMotionProperties.c,32,17,51,100,72343
thirdparty/graphite/src/Face.c,2,0,8,10,6923
scene/gui/spin_box.c,14,10,18,42,162932
editor/plugins/particle_process_material_editor_plugin.c,14,9,18,41,77897
thirdparty/mbedtls/library/ccm.c,4,2,9,15,8016
scene/3d/label_3d.c,22,9,47,78,353297
thirdparty/jolt_physics/Jolt/Physics/Collision/Shape/PlaneShape.c,3,1,9,13,27589
servers/rendering/renderer_rd/effects/luminance.c,5,8,45,58,64950
scene/resources/theme.c,32,107,242,381,611793
drivers/unix/file_access_unix.c,8,0,7,15,22196
modules/ogg/register_types.c,5,0,9,14,20380
thirdparty/recastnavigation/Recast/Source/RecastMesh.c,0,7,67,74,27612
thirdparty/vhacd/src/vhacdVolume.c,7,11,93,111,91237
servers/rendering/renderer_rd/cluster_builder_rd.c,3,4,20,27,46893
thirdparty/mbedtls/library/ssl_tls13_generic.c,3,3,3,9,12086
thirdparty/harfbuzz/src/hb-buffer.c,7,10,74,91,41164
editor/editor_help_search.c,39,41,126,206,243054
thirdparty/basis_universal/encoder/basisu_comp.c,80,81,373,534,275565
scene/resources/2d/skeleton/skeleton_modification_2d.c,6,1,22,29,82494
drivers/gles3/storage/particles_storage.c,20,42,69,131,145740
editor/directory_create_dialog.c,19,4,21,44,60396
servers/rendering/renderer_rd/renderer_scene_render_rd.c,4,11,43,58,112993
modules/openxr/editor/openxr_action_editor.c,8,6,15,29,55112
thirdparty/mbedtls/library/x509.c,2,4,7,13,16676
editor/plugins/shader_editor_plugin.c,35,37,50,122,140857
servers/display/native_menu.c,3,1,27,31,301258
scene/gui/scroll_container.c,13,8,21,42,140352
servers/rendering/storage/render_scene_buffers.c,5,2,21,28,150610
servers/rendering/renderer_rd/storage_rd/particles_storage.c,17,29,113,159,193777
modules/navigation/3d/nav_map_builder_3d.c,6,8,32,46,34650
thirdparty/harfbuzz/src/hb-subset-instancer-solver.c,1,0,3,4,2355
thirdparty/zlib/inflate.c,9,5,19,33,25477
editor/editor_file_system.c,51,73,300,424,547007
editor/plugins/editor_resource_tooltip_plugins.c,16,2,18,36,86308
thirdparty/glslang/glslang/MachineIndependent/reflection.c,30,13,64,107,136384
thirdparty/mbedtls/library/ecp.c,5,25,34,64,25120
scene/gui/texture_progress_bar.c,8,5,15,28,148404
thirdparty/libwebp/src/dsp/cost_sse2.c,2,0,1,3,3991
core/math/dynamic_bvh.c,11,3,48,62,29177
platform/linuxbsd/joypad_linux.c,13,6,24,43,22714
thirdparty/embree/common/tasking/taskschedulerinternal.c,4,11,20,35,19406
scene/audio/audio_stream_player_internal.c,9,14,36,59,62696
core/extension/extension_api_dump.c,42,35,158,235,215994
thirdparty/miniupnpc/src/miniwget.c,1,7,8,16,6559
modules/gdscript/language_server/gdscript_extend_parser.c,26,17,99,142,143118
modules/navigation/nav_map.c,17,18,68,103,61087
editor/gui/editor_toaster.c,10,12,34,56,95336
editor/plugins/polygon_3d_editor_plugin.c,26,9,21,56,91941
thirdparty/spirv-reflect/spirv_reflect.c,19,68,160,247,76279
thirdparty/glslang/glslang/MachineIndependent/preprocessor/Pp.c,16,20,86,122,101492
core/config/project_settings.c,41,81,219,341,402131
thirdparty/harfbuzz/src/hb-ft.c,4,1,11,16,21984
servers/rendering/renderer_rd/effects/debug_effects.c,6,8,34,48,51205
thirdparty/openxr/src/loader/loader_core.c,23,4,38,65,73900
scene/3d/xr_nodes.c,11,17,52,80,192012
thirdparty/thorvg/src/renderer/sw_engine/tvgSwMemPool.c,5,0,1,6,1676
servers/audio/audio_rb_resampler.c,1,0,8,9,5444
editor/plugins/sprite_2d_editor_plugin.c,29,23,50,102,140937
thirdparty/basis_universal/encoder/basisu_basis_file.c,2,1,6,9,8195
modules/gridmap/editor/grid_map_editor_plugin.c,18,21,113,152,242150
thirdparty/thorvg/src/renderer/tvgPicture.c,1,0,0,1,6055
thirdparty/harfbuzz/src/hb-subset-instancer-iup.c,13,10,58,81,27706
modules/godot_physics_3d/joints/godot_cone_twist_joint_3d.c,2,4,12,18,28405
thirdparty/jolt_physics/Jolt/Physics/Vehicle/MotorcycleController.c,2,1,3,6,20585
thirdparty/openxr/src/loader/runtime_interface.c,18,15,40,73,50414
servers/audio/effects/audio_effect_phaser.c,10,0,20,30,55919
scene/gui/split_container.c,10,1,13,24,103693
thirdparty/cvtt/ConvectionKernels_BC67.c,39,38,298,375,271001
thirdparty/jolt_physics/Jolt/Renderer/DebugRenderer.c,49,49,160,258,150037
editor/engine_update_label.c,10,3,22,35,52102
editor/window_wrapper.c,15,13,18,46,79261
editor/plugins/tiles/tile_set_scenes_collection_source_editor.c,28,14,28,70,120854
thirdparty/mbedtls/library/nist_kw.c,3,1,6,10,4483
modules/fbx/fbx_document.c,61,52,149,262,297191
scene/2d/physics/joints/pin_joint_2d.c,8,0,18,26,54502
editor/doc_tools.c,89,70,235,394,347836
scene/gui/check_button.c,11,0,8,19,45424
core/object/script_language_extension.c,5,2,5,12,113776
editor/plugins/color_channel_selector.c,18,2,20,40,57360
thirdparty/libtheora/info.c,1,0,4,5,2098
scene/main/node.c,74,70,175,319,747851
thirdparty/zstd/common/xxhash.c,2,0,8,10,6026
thirdparty/harfbuzz/src/hb-shape-plan.c,3,9,19,31,9212
thirdparty/icu4c/common/utrie.c,19,6,31,56,13641
editor/animation_track_editor_plugins.c,32,15,28,75,144449
thirdparty/zlib/crc32.c,3,2,19,24,3681
thirdparty/libwebp/src/enc/iterator_enc.c,5,0,28,33,12324
modules/multiplayer/scene_multiplayer.c,10,13,69,92,224760
thirdparty/xatlas/xatlas.c,29,72,433,534,268429
editor/editor_resource_preview.c,10,13,40,63,142028
scene/3d/physics/collision_polygon_3d.c,5,2,12,19,76722
thirdparty/freetype/src/psaux/psaux.c,20,29,71,120,111861
editor/plugins/polygon_2d_editor_plugin.c,45,21,36,102,195602
editor/plugins/editor_plugin_settings.c,21,13,31,65,73168
scene/animation/animation_blend_tree.c,22,31,97,150,433079
modules/godot_physics_3d/godot_collision_solver_3d.c,7,2,8,17,20298
thirdparty/jolt_physics/Jolt/Physics/Collision/Shape/ScaledShape.c,0,0,3,3,27570
core/io/image_loader.c,9,6,32,47,83496
editor/plugins/skeleton_3d_editor_plugin.c,23,44,107,174,262533
core/variant/variant_utility.c,7,18,221,246,515616
core/io/image.c,20,24,389,433,610090
editor/editor_properties_vector.c,18,7,17,42,86408
servers/rendering/renderer_rd/environment/fog.c,11,16,98,125,148244
scene/3d/skeleton_modifier_3d.c,4,3,15,22,57387
editor/plugins/collision_polygon_2d_editor_plugin.c,16,0,13,29,44219
modules/mbedtls/crypto_mbedtls.c,11,0,19,30,67070
drivers/gles3/rasterizer_canvas_gles3.c,0,47,76,123,208686
thirdparty/astcenc/astcenc_compress_symbolic.c,4,2,24,30,22540
thirdparty/freetype/src/gxvalid/gxvalid.c,3,10,51,64,49438
thirdparty/harfbuzz/src/hb-aat-layout.c,25,96,201,322,241892
thirdparty/jolt_physics/Jolt/Physics/Body/Body.c,3,1,5,9,26771
editor/export/export_template_manager.c,18,14,30,62,153617
thirdparty/cvtt/ConvectionKernels_Util.c,2,0,3,5,629
scene/2d/tile_map.c,31,16,86,133,426047
modules/gdscript/gdscript_analyzer.c,43,76,284,403,520839
modules/gltf/editor/editor_scene_importer_blend.c,23,12,46,81,160435
thirdparty/icu4c/common/utext.c,3,4,15,22,36044
core/object/script_language.c,15,76,186,277,257906
thirdparty/libwebp/src/dsp/dec.c,15,5,41,61,30673
thirdparty/libtheora/decode.c,14,6,67,87,29662
modules/jolt_physics/shapes/jolt_convex_polygon_shape_3d.c,1,1,7,9,7807
scene/debugger/scene_debugger.c,22,66,160,248,263393
thirdparty/graphite/src/Slot.c,3,2,7,12,17920
modules/multiplayer/editor/replication_editor.c,19,18,41,78,110039
scene/resources/immediate_mesh.c,12,2,27,41,82830
editor/editor_script.c,4,0,5,9,32792
editor/plugins/particles_editor_plugin.c,27,20,57,104,151137
scene/2d/parallax_layer.c,6,2,14,22,42583
servers/rendering/renderer_rd/shader_rd.c,23,54,143,220,164660
thirdparty/embree/kernels/bvh/bvh_builder_sah_mb.c,103,44,106,253,344151
editor/export/editor_export_platform.c,37,50,147,234,435356
editor/reparent_dialog.c,13,2,8,23,45586
thirdparty/jolt_physics/Jolt/Physics/Collision/BroadPhase/QuadTree.c,15,10,49,74,55156
thirdparty/vhacd/src/btConvexHullComputer.c,12,26,81,119,71913
thirdparty/jolt_physics/Jolt/Physics/Constraints/SwingTwistConstraint.c,0,1,14,15,82060
core/io/remote_filesystem_client.c,2,8,39,49,44159
servers/xr/xr_interface.c,6,1,11,18,153933
scene/main/canvas_item.c,25,24,112,161,662473
scene/gui/texture_button.c,12,2,9,23,86033
scene/resources/curve.c,12,14,133,159,521610
thirdparty/basis_universal/transcoder/basisu_transcoder.c,48,50,405,503,245620
thirdparty/freetype/src/raster/raster.c,8,8,20,36,25675
editor/fbx_importer_manager.c,19,4,16,39,55817
modules/openxr/extensions/openxr_dpad_binding_extension.c,9,1,14,24,102327
thirdparty/libtheora/x86/mmxidct.c,2,0,1,3,23603
core/io/file_access_compressed.c,4,2,7,13,33393
editor/plugins/navigation_obstacle_2d_editor_plugin.c,16,0,14,30,47916
editor/node_dock.c,8,2,7,17,48067
thirdparty/harfbuzz/src/hb-subset-cff-common.c,7,5,29,41,17809
thirdparty/harfbuzz/src/hb-ot-shape.c,5,9,32,46,20026
editor/debugger/debug_adapter/debug_adapter_parser.c,6,4,13,23,77985
thirdparty/harfbuzz/src/hb-ot-face.c,2,8,12,22,7300
editor/plugins/tiles/tile_proxies_manager_dialog.c,26,10,55,91,106360
editor/plugins/resource_preloader_editor_plugin.c,14,23,38,75,104204
scene/gui/code_edit.c,34,70,202,306,600129
thirdparty/icu4c/common/uloc_keytype.c,1,7,11,19,16403
thirdparty/glslang/SPIRV/GlslangToSpv.c,47,112,210,369,548097
servers/rendering/renderer_rd/renderer_compositor_rd.c,2,7,23,32,42073
scene/gui/control.c,21,88,231,340,911210
thirdparty/embree/kernels/common/acceln.c,0,0,16,16,29872
modules/openxr/editor/openxr_action_map_editor.c,19,18,38,75,140590
scene/3d/world_environment.c,4,1,9,14,66211
thirdparty/astcenc/astcenc_block_sizes.c,8,3,44,55,14287
modules/vhacd/register_types.c,3,3,9,15,11556
modules/openxr/editor/openxr_select_action_dialog.c,22,3,7,32,48561
drivers/pulseaudio/audio_driver_pulseaudio.c,4,13,12,29,46455
thirdparty/jolt_physics/Jolt/Physics/Constraints/GearConstraint.c,1,0,2,3,19292
editor/surface_upgrade_tool.c,11,7,17,35,55022
scene/3d/physics/character_body_3d.c,22,8,32,62,225542
thirdparty/misc/smolv.c,8,6,70,84,32866
editor/gui/editor_scene_tabs.c,11,12,27,50,89810
thirdparty/jolt_physics/Jolt/TriangleSplitter/TriangleSplitterBinning.c,8,0,10,18,5769
core/math/basis.c,1,3,2,6,42525
modules/jolt_physics/shapes/jolt_height_map_shape_3d.c,3,3,17,23,16895
scene/resources/3d/sky_material.c,8,3,9,20,131425
modules/openxr/editor/openxr_select_interaction_profile_dialog.c,18,4,19,41,46746
editor/editor_help.c,56,91,297,444,774273
thirdparty/libktx/lib/texture2.c,4,1,17,22,19324
thirdparty/jolt_physics/Jolt/Physics/Collision/Shape/TaperedCylinderShape.c,2,3,6,11,29005
scene/3d/audio_stream_player_3d.c,6,8,47,61,208196
editor/import/3d/scene_import_settings.c,70,41,124,235,343270
modules/csg/csg.c,3,4,15,22,18953
core/variant/variant_op.c,3,6,421,430,861153
thirdparty/libwebp/src/enc/alpha_enc.c,1,0,4,5,6627
modules/gdscript/gdscript_function.c,11,12,60,83,89518
modules/navigation/nav_agent.c,2,0,0,2,17751
scene/theme/theme_db.c,10,29,78,117,178827
core/math/projection.c,12,0,16,28,32571
thirdparty/openxr/src/loader/loader_logger.c,9,16,17,42,32459
core/math/geometry_3d.c,3,13,68,84,43651
servers/display_server.c,8,7,58,73,839297
thirdparty/embree/kernels/bvh/bvh_builder_twolevel.c,46,109,221,376,633260
modules/dds/texture_loader_dds.c,4,1,26,31,31553
thirdparty/basis_universal/encoder/pvpngreader.c,8,11,106,125,40688
thirdparty/libwebp/src/dsp/ssim_sse2.c,3,0,2,5,15495
modules/upnp/upnp_miniupnp.c,8,3,13,24,33598
scene/gui/option_button.c,12,10,36,58,216435
modules/gltf/editor/editor_scene_importer_gltf.c,9,10,30,49,53104
thirdparty/harfbuzz/src/hb-ot-layout.c,42,214,610,866,574032
thirdparty/recastnavigation/Recast/Source/Recast.c,8,2,14,24,9715
scene/3d/voxel_gi.c,14,4,29,47,200560
scene/resources/multimesh.c,5,0,20,25,206440
scene/2d/parallax_background.c,5,1,19,25,63257
editor/groups_editor.c,17,40,115,172,203717
thirdparty/glslang/glslang/MachineIndependent/Scan.c,2,22,38,62,137502
thirdparty/manifold/src/manifold.c,9,38,90,137,170668
modules/fbx/editor/editor_scene_importer_fbx2gltf.c,9,10,34,53,54959
editor/plugins/font_config_plugin.c,34,44,80,158,214901
modules/godot_physics_3d/joints/godot_slider_joint_3d.c,3,4,15,22,30211
modules/gltf/extensions/physics/gltf_physics_body.c,11,0,9,20,113784
servers/rendering/renderer_rd/forward_clustered/render_forward_clustered.c,26,99,253,378,657410
scene/resources/curve_texture.c,12,5,34,51,88853
editor/import/resource_importer_layered_texture.c,9,15,41,65,95965
scene/2d/physics/rigid_body_2d.c,10,22,55,87,251274
editor/plugins/physical_bone_3d_editor_plugin.c,9,2,5,16,34906
thirdparty/libwebp/src/dec/frame_dec.c,2,1,15,18,12349
thirdparty/basis_universal/encoder/basisu_gpu_texture.c,8,12,108,128,52009
scene/resources/audio_stream_wav.c,27,11,44,82,163742
modules/csg/csg_shape.c,36,21,85,142,454407
thirdparty/mbedtls/library/sha3.c,8,5,8,21,5894
drivers/gles3/storage/texture_storage.c,19,35,113,167,261469
thirdparty/icu4c/common/uresdata.c,2,1,8,11,19899
scene/resources/2d/skeleton/skeleton_modification_2d_fabrik.c,6,11,35,52,127733
thirdparty/harfbuzz/src/hb-subset-cff1.c,33,37,192,262,147776
thirdparty/jolt_physics/Jolt/Physics/Body/BodyManager.c,30,12,30,72,38810
thirdparty/icu4c/common/loclikely.c,0,2,2,4,12936
modules/jolt_physics/spaces/jolt_space_3d.c,12,5,28,45,45773
modules/godot_physics_3d/joints/godot_pin_joint_3d.c,2,4,12,18,16523
editor/gui/editor_validation_panel.c,11,6,28,45,55033
thirdparty/glslang/glslang/MachineIndependent/Versions.c,8,4,32,44,123091
editor/import/resource_importer_texture.c,10,4,32,46,86872
thirdparty/vulkan/vk_mem_alloc.c,71,48,171,290,193989
editor/gui/editor_zoom_widget.c,11,2,11,24,66532
scene/resources/shader_include.c,8,4,18,30,56487
modules/lightmapper_rd/lightmapper_rd.c,30,86,237,353,341513
scene/animation/animation_node_state_machine.c,23,85,197,305,497562
scene/resources/texture.c,9,5,37,51,215393
editor/plugins/audio_stream_editor_plugin.c,18,6,11,35,78892
editor/plugins/tiles/tile_set_atlas_source_editor.c,44,71,237,352,447867
thirdparty/mbedtls/library/sha256.c,6,0,10,16,10399
core/object/worker_thread_pool.c,11,20,78,109,128794
thirdparty/pcre2/src/pcre2_compile_16.c,3,23,51,77,95825
thirdparty/icu4c/common/dictbe.c,10,16,40,66,29347
scene/2d/physics/collision_object_2d.c,14,35,47,96,262163
thirdparty/mbedtls/library/psa_crypto_mac.c,9,0,1,10,3934
scene/3d/physics/collision_shape_3d.c,6,6,21,33,82995
servers/rendering/renderer_rd/forward_mobile/scene_shader_forward_mobile.c,10,18,93,121,150011
thirdparty/zstd/compress/zstd_lazy.c,602,93,361,1056,464671
thirdparty/manifold/src/polygon.c,18,36,59,113,80440
drivers/vulkan/rendering_device_driver_vulkan.c,88,61,307,456,353562
editor/plugins/editor_debugger_plugin.c,5,15,43,63,133156
editor/plugins/animation_player_editor_plugin.c,24,37,78,139,280576
editor/plugins/navigation_obstacle_3d_editor_plugin.c,19,9,32,60,114282
thirdparty/thorvg/src/renderer/tvgPaint.c,5,3,8,16,29468
thirdparty/embree/kernels/common/scene_triangle_mesh.c,13,8,34,55,41984
core/variant/callable.c,3,11,17,31,30865
core/variant/dictionary.c,85,28,86,199,181516
thirdparty/glslang/glslang/MachineIndependent/IntermTraverse.c,1,0,9,10,16648
scene/gui/menu_bar.c,9,15,30,54,213497
scene/3d/navigation_agent_3d.c,10,8,26,44,263337
editor/plugins/tiles/tile_data_editors.c,44,70,204,318,484915
editor/gui/editor_quick_open_dialog.c,42,21,69,132,182602
thirdparty/graphite/src/Justifier.c,2,1,10,13,5271
scene/resources/packed_scene.c,41,53,157,251,364788
core/string/optimized_translation.c,8,17,50,75,78058
thirdparty/mbedtls/library/poly1305.c,2,0,2,4,3686
editor/plugins/style_box_editor_plugin.c,13,4,14,31,49839
modules/jolt_physics/spaces/jolt_physics_direct_space_state_3d.c,11,8,49,68,109192
thirdparty/libvorbis/psy.c,5,15,38,58,18328
editor/gui/editor_file_dialog.c,34,47,107,188,486967
scene/resources/surface_tool.c,14,25,88,127,305729
editor/plugins/curve_editor_plugin.c,21,7,37,65,136802
scene/2d/gpu_particles_2d.c,7,6,21,34,227452
drivers/gles3/storage/material_storage.c,19,123,311,453,404969
core/os/os.c,7,11,61,79,90541
scene/2d/physics/physics_body_2d.c,14,1,14,29,67512
editor/plugins/game_view_plugin.c,20,31,56,107,158755
editor/editor_sectioned_inspector.c,23,9,20,52,69947
editor/localization_editor.c,17,22,59,98,134824
thirdparty/embree/kernels/common/rtcore_builder.c,41,83,176,300,526831
drivers/gles3/storage/mesh_storage.c,23,84,145,252,255648
drivers/egl/egl_manager.c,1,1,10,12,23486
editor/uid_upgrade_tool.c,9,8,16,33,43139
modules/gdscript/gdscript_editor.c,16,29,113,158,179839
thirdparty/harfbuzz/src/hb-ot-shaper-arabic.c,20,56,178,254,173397
scene/3d/gpu_particles_collision_3d.c,18,10,51,79,252619
modules/gdscript/gdscript_tokenizer.c,6,12,48,66,96824
editor/plugins/multimesh_editor_plugin.c,15,11,26,52,86619
thirdparty/harfbuzz/src/hb-face.c,10,23,71,104,73694
servers/navigation_server_3d.c,12,5,38,55,424681
core/io/logger.c,1,2,15,18,31322
thirdparty/jolt_physics/Jolt/Renderer/DebugRendererPlayback.c,34,13,34,81,36237
thirdparty/embree/kernels/common/accelset.c,1,0,0,1,2621
modules/enet/enet_packet_peer.c,5,1,29,35,101765
thirdparty/jolt_physics/Jolt/Physics/SoftBody/SoftBodyShape.c,15,4,7,26,16319
scene/2d/marker_2d.c,6,0,10,16,35109
thirdparty/cvtt/ConvectionKernels_S3TC.c,10,5,105,120,103109
servers/rendering/dummy/storage/material_storage.c,2,44,129,175,105306
scene/resources/3d/height_map_shape_3d.c,6,1,29,36,86686
scene/3d/physics/joints/generic_6dof_joint_3d.c,14,0,31,45,123560
editor/plugins/bone_map_editor_plugin.c,27,36,86,149,226742
scene/3d/physics/collision_object_3d.c,16,38,73,127,262031
platform/linuxbsd/x11/gl_manager_x11.c,5,0,5,10,9083
thirdparty/jolt_physics/Jolt/Physics/PhysicsSystem.c,37,25,98,160,153970
scene/2d/canvas_modulate.c,6,2,11,19,37469
scene/gui/line_edit.c,15,10,45,70,367209
modules/godot_physics_2d/godot_joints_2d.c,2,0,1,3,24739
core/object/object.c,23,46,127,196,397990
modules/godot_physics_3d/godot_broad_phase_3d_bvh.c,7,11,51,69,82546
thirdparty/libwebp/src/enc/syntax_enc.c,1,1,7,9,4632
thirdparty/manifold/src/smoothing.c,5,41,60,106,92526
thirdparty/libogg/framing.c,4,3,11,18,10675
thirdparty/glslang/glslang/MachineIndependent/iomapper.c,173,57,155,385,324714
core/string/translation.c,5,10,44,59,131785
scene/3d/mesh_instance_3d.c,23,8,58,89,225642
servers/rendering/renderer_rd/effects/bokeh_dof.c,3,11,71,85,69897
thirdparty/astcenc/astcenc_partition_tables.c,3,2,10,15,5175
thirdparty/icu4c/common/utrie2_builder.c,16,7,41,64,17187
scene/animation/animation_blend_space_2d.c,8,15,63,86,215727
modules/godot_physics_2d/godot_body_2d.c,3,1,24,28,27833
modules/noise/noise.c,14,9,61,84,113689
core/debugger/local_debugger.c,6,9,32,47,63406
editor/debugger/editor_visual_profiler.c,14,18,38,70,107834
thirdparty/meshoptimizer/simplifier.c,4,13,80,97,35616
editor/plugins/theme_editor_preview.c,22,9,16,47,113191
scene/animation/animation_player.c,6,39,85,130,358151
thirdparty/astcenc/astcenc_decompress_symbolic.c,2,1,11,14,16236
platform/linuxbsd/freedesktop_portal_desktop.c,8,13,57,78,78561
thirdparty/jolt_physics/Jolt/Core/Factory.c,18,13,27,58,25901
scene/resources/3d/mesh_library.c,38,35,36,109,219358
modules/godot_physics_3d/godot_physics_server_3d.c,11,14,53,78,170735
scene/2d/physics/collision_shape_2d.c,6,3,20,29,81309
editor/debugger/debug_adapter/debug_adapter_protocol.c,24,69,101,194,232563
modules/enet/enet_connection.c,13,3,35,51,152526
thirdparty/openxr/src/common/object_info.c,7,8,22,37,32511
thirdparty/glslang/glslang/MachineIndependent/Constant.c,28,9,66,103,143181
modules/openxr/extensions/openxr_debug_utils_extension.c,2,3,7,12,19290
servers/rendering/shader_compiler.c,25,74,197,296,242028
core/math/transform_3d.c,2,0,1,3,16466
thirdparty/glslang/glslang/MachineIndependent/preprocessor/PpContext.c,13,0,3,16,6057
thirdparty/embree/kernels/common/scene.c,1,29,26,56,56082
thirdparty/jolt_physics/Jolt/Physics/Vehicle/WheeledVehicleController.c,4,7,34,45,39766
scene/3d/spring_bone_simulator_3d.c,12,19,47,78,381007
thirdparty/embree/kernels/bvh/bvh_builder_sah_spatial.c,35,77,180,292,549508
editor/animation_track_editor.c,75,125,508,708,1056950
editor/plugins/gradient_editor_plugin.c,19,21,34,74,119821
scene/3d/soft_body_3d.c,12,17,57,86,211595
modules/bmp/image_loader_bmp.c,4,3,15,22,23555
core/io/packed_data_container.c,8,6,69,83,98926
scene/resources/font.c,38,56,144,238,1374461
scene/gui/dialogs.c,15,10,39,64,150759
core/io/http_client_tcp.c,4,3,26,33,51472
scene/2d/physics/static_body_2d.c,17,4,20,41,85774
editor/property_selector.c,19,15,32,66,92184
editor/gui/editor_dir_dialog.c,13,10,22,45,77482
modules/multiplayer/multiplayer_spawner.c,7,18,35,60,131266
servers/rendering/renderer_rd/storage_rd/utilities.c,5,6,14,25,34646
scene/animation/animation_tree.c,12,75,101,188,378746
platform/android/export/godot_plugin_config.c,4,2,23,29,23724
modules/noise/editor/noise_editor_plugin.c,13,2,17,32,55671
thirdparty/jolt_physics/Jolt/Physics/Collision/Shape/HeightFieldShape.c,90,51,196,337,233456
editor/animation_bezier_editor.c,27,48,198,273,314870
servers/rendering/renderer_rd/renderer_canvas_render_rd.c,7,47,190,244,301249
thirdparty/libwebp/src/dec/buffer_dec.c,3,0,0,3,4668
thirdparty/basis_universal/encoder/basisu_frontend.c,79,91,526,696,263115
core/debugger/remote_debugger.c,8,16,51,75,94981
thirdparty/jolt_physics/Jolt/Skeleton/SkeletonMapper.c,11,7,21,39,21737
thirdparty/basis_universal/encoder/basisu_astc_hdr_enc.c,11,19,118,148,72142
scene/resources/3d/fog_material.c,6,0,18,24,62692
thirdparty/freetype/src/type1/type1.c,4,17,33,54,49746
thirdparty/ufbx/ufbx.c,205,133,360,698,430480
core/crypto/crypto.c,9,0,11,20,184604
modules/gltf/structures/gltf_animation.c,5,0,17,22,62829
scene/2d/physics/animatable_body_2d.c,13,2,12,27,47468
platform/linuxbsd/x11/display_server_x11.c,56,77,181,314,333978
thirdparty/jolt_physics/Jolt/Physics/Body/BodyCreationSettings.c,7,7,16,30,31843
thirdparty/libtheora/state.c,9,6,29,44,14838
thirdparty/libwebp/src/dsp/yuv_sse2.c,1,0,25,26,137150
thirdparty/harfbuzz/src/hb-ot-map.c,4,5,35,44,19379
scene/3d/camera_3d.c,7,5,17,29,264866
servers/rendering/renderer_rd/forward_clustered/scene_shader_forward_clustered.c,11,20,105,136,155745
modules/raycast/raycast_occlusion_cull.c,3,20,83,106,112043
scene/resources/style_box_texture.c,8,0,8,16,109357
thirdparty/freetype/src/type42/type42.c,6,3,12,21,19154
modules/navigation/editor/navigation_mesh_editor_plugin.c,9,2,4,15,39367
thirdparty/libwebp/src/dsp/lossless_enc.c,18,2,33,53,14905
core/debugger/engine_profiler.c,3,2,20,25,55100
thirdparty/freetype/src/cid/type1cid.c,2,4,19,25,18661
thirdparty/jolt_physics/Jolt/Physics/Constraints/ConeConstraint.c,0,0,8,8,44583
thirdparty/icu4c/common/umutablecptrie.c,7,41,67,115,33366
servers/rendering/renderer_rd/storage_rd/light_storage.c,18,40,138,196,220909
thirdparty/libvorbis/sharedbook.c,6,4,10,20,5792
thirdparty/libtheora/x86/mmxstate.c,1,0,5,6,25086
core/input/input_event.c,28,2,54,84,467299
servers/xr/xr_interface_extension.c,12,3,26,41,166613
thirdparty/vhacd/src/FloatMath.c,7,10,110,127,128169
thirdparty/icu4c/common/bmpset.c,5,7,22,34,14412
thirdparty/meshoptimizer/clusterizer.c,4,4,35,43,16981
servers/rendering/renderer_rd/environment/sky.c,6,25,122,153,184810
scene/2d/navigation_agent_2d.c,10,8,27,45,254455
scene/2d/navigation_region_2d.c,11,7,37,55,169446
thirdparty/brotli/dec/huffman.c,3,0,14,17,4154
scene/gui/margin_container.c,9,1,7,17,29221
thirdparty/glslang/glslang/MachineIndependent/SpirvIntrinsics.c,28,15,48,91,112010
scene/3d/physics/physics_body_3d.c,13,1,25,39,87500
thirdparty/jolt_physics/Jolt/Geometry/OrientedBox.c,1,0,5,6,5965
editor/debugger/editor_debugger_tree.c,11,17,24,52,73520
thirdparty/graphite/src/Segment.c,7,3,23,33,14801
servers/rendering/dummy/storage/light_storage.c,1,0,11,12,17745
thirdparty/glslang/glslang/MachineIndependent/glslang_tab.c,28,9,63,100,422053
editor/plugins/path_2d_editor_plugin.c,15,4,20,39,99263
thirdparty/icu4c/common/bytestrieiterator.c,1,0,2,3,9328
modules/openxr/openxr_api_extension.c,5,1,14,20,192168
thirdparty/glslang/glslang/MachineIndependent/SymbolTable.c,46,15,67,128,137200
thirdparty/mbedtls/library/chacha20.c,1,0,6,7,4769
modules/gltf/extensions/physics/gltf_physics_shape.c,8,0,17,25,149437
modules/multiplayer/multiplayer_debugger.c,13,12,40,65,61210
thirdparty/thorvg/src/loaders/jpg/tvgJpgd.c,17,19,98,134,140490
thirdparty/icu4c/common/resbund.c,2,0,0,2,4911
thirdparty/embree/kernels/common/geometry.c,1,1,4,6,9278
editor/project_settings_editor.c,20,23,68,111,140498
scene/gui/color_picker.c,41,44,101,186,440767
thirdparty/zstd/decompress/zstd_decompress_block.c,28,4,114,146,75461
editor/input_event_configuration_dialog.c,23,15,26,64,102073
thirdparty/clipper2/src/clipper.engine.c,26,94,206,326,162443
editor/plugins/theme_editor_plugin.c,37,122,290,449,609384
modules/godot_physics_3d/godot_body_3d.c,4,1,24,29,40929
scene/main/multiplayer_peer.c,9,2,32,43,198853
thirdparty/manifold/src/csg_tree.c,9,31,67,107,136291
editor/editor_settings_dialog.c,14,38,76,128,163639
thirdparty/mbedtls/library/sha1.c,7,0,6,13,12831
editor/debugger/editor_performance_profiler.c,9,29,55,93,99581
thirdparty/freetype/src/base/ftbase.c,31,26,58,115,107219
thirdparty/icu4c/common/brkiter.c,2,0,0,2,8486
scene/gui/item_list.c,28,23,80,131,469529
servers/rendering/renderer_scene_cull.c,45,163,426,634,472108
thirdparty/glslang/SPIRV/SpvBuilder.c,28,141,153,322,339566
thirdparty/libwebp/src/enc/picture_tools_enc.c,1,2,25,28,4779
editor/plugins/gizmos/camera_3d_gizmo_plugin.c,8,1,7,16,35612
thirdparty/astcenc/astcenc_image.c,1,1,14,16,12102
core/math/transform_2d.c,1,2,4,7,13118
thirdparty/icu4c/common/emojiprops.c,1,2,3,6,4337
thirdparty/jolt_physics/Jolt/Physics/Constraints/SixDOFConstraint.c,0,1,39,40,126738
modules/godot_physics_3d/godot_shape_3d.c,32,28,76,136,121650
servers/rendering/renderer_rd/effects/tone_mapper.c,4,6,29,39,43825
modules/jolt_physics/jolt_globals.c,2,0,0,2,724
thirdparty/jolt_physics/Jolt/Skeleton/SkeletonPose.c,1,1,9,11,8934
thirdparty/embree/kernels/bvh/bvh_refit.c,1,4,24,29,45556
scene/resources/resource_format_text.c,12,57,172,241,256762
thirdparty/icu4c/common/uresbund.c,26,10,23,59,47755
thirdparty/pcre2/src/pcre2_context_32.c,3,0,0,3,2945
thirdparty/embree/common/sys/barrier.c,3,6,13,22,8965
servers/movie_writer/movie_writer.c,4,4,43,51,106427
thirdparty/graphite/src/Silf.c,3,6,8,17,9094
core/extension/gdextension_interface.c,7,8,33,48,96014
thirdparty/openxr/src/loader/loader_instance.c,9,6,26,41,30030
thirdparty/mbedtls/library/bignum.c,10,11,32,53,28098
thirdparty/freetype/src/winfonts/winfnt.c,3,1,3,7,7992
editor/plugins/canvas_item_editor_plugin.c,61,82,211,354,603293
scene/2d/physics/joints/groove_joint_2d.c,8,0,11,19,38969
thirdparty/jolt_physics/Jolt/Physics/Collision/Shape/CompoundShape.c,17,2,23,42,38706
editor/plugins/line_2d_editor_plugin.c,16,0,13,29,45657
thirdparty/manifold/src/boolean3.c,6,18,38,62,34511
thirdparty/freetype/src/lzw/ftlzw.c,4,3,2,9,7083
modules/godot_physics_2d/godot_physics_server_2d.c,21,13,45,79,143339
scene/3d/navigation_region_3d.c,8,8,32,48,163848
thirdparty/jolt_physics/Jolt/Physics/Constraints/FixedConstraint.c,0,0,10,10,44603
thirdparty/embree/kernels/common/alloc.c,5,11,26,42,22080
editor/editor_audio_buses.c,33,59,162,254,297367
editor/filesystem_dock.c,47,92,250,389,537650
modules/bcdec/image_decompress_bcdec.c,2,1,35,38,27357
thirdparty/icu4c/common/locid.c,0,13,16,29,57052
drivers/vulkan/rendering_context_driver_vulkan.c,1,14,52,67,67623
servers/rendering/renderer_rd/effects/ss_effects.c,9,6,134,149,239682
editor/group_settings_editor.c,12,24,88,124,145028
scene/gui/panel_container.c,8,2,7,17,26166
editor/editor_vcs_interface.c,18,3,49,70,223134
editor/plugins/gizmos/navigation_region_3d_gizmo_plugin.c,8,4,18,30,43389
thirdparty/astcenc/astcenc_entry.c,3,3,12,18,23644
thirdparty/freetype/src/sfnt/sfnt.c,27,44,141,212,141602
core/io/file_access.c,5,6,37,48,378608
thirdparty/jolt_physics/Jolt/Physics/Collision/Shape/TaperedCapsuleShape.c,0,0,8,8,28972
modules/gdscript/editor/gdscript_highlighter.c,17,23,70,110,125635
scene/resources/style_box.c,6,2,22,30,101160
modules/jolt_physics/objects/jolt_soft_body_3d.c,7,12,39,58,59842
thirdparty/jolt_physics/Jolt/Physics/PhysicsScene.c,18,15,42,75,50900
modules/gltf/skin_tool.c,22,53,118,193,140333
scene/resources/visual_shader_particle_nodes.c,27,15,47,89,246884
thirdparty/openxr/src/loader/manifest_file.c,12,7,61,80,77112
modules/openxr/editor/openxr_binding_modifiers_dialog.c,11,5,12,28,59542
editor/scene_create_dialog.c,21,6,12,39,68630
editor/script_create_dialog.c,29,14,32,75,133500
thirdparty/libwebp/src/dsp/lossless_enc_sse2.c,9,1,35,45,43088
scene/3d/decal.c,6,1,13,20,110605
thirdparty/miniupnpc/src/igd_desc_parse.c,5,0,0,5,2670
thirdparty/jolt_physics/Jolt/Physics/Collision/Shape/ConvexHullShape.c,17,14,77,108,96719
thirdparty/libwebp/src/dsp/upsampling_sse2.c,35,0,14,49,75846
thirdparty/manifold/src/sort.c,17,50,85,152,93236
thirdparty/libpng/png.c,9,2,35,46,40682
editor/plugins/material_editor_plugin.c,30,6,17,53,141911
thirdparty/mbedtls/library/ecp_curves.c,2,2,14,18,17116
scene/2d/light_2d.c,9,1,12,22,151756
thirdparty/glslang/SPIRV/InReadableOrder.c,4,5,3,12,13078
thirdparty/glslang/glslang/MachineIndependent/ParseContextBase.c,12,16,39,67,122158
servers/rendering/renderer_rd/storage_rd/render_data_rd.c,5,0,4,9,11974
editor/rename_dialog.c,30,10,24,64,95000
thirdparty/embree/kernels/common/device.c,2,15,14,31,21685
editor/plugins/path_3d_editor_plugin.c,17,12,40,69,152408
scene/3d/sprite_3d.c,16,30,89,135,387399
thirdparty/libwebp/src/enc/vp8l_enc.c,18,5,37,60,29291
thirdparty/meshoptimizer/vertexfilter.c,1,2,15,18,11593
modules/jolt_physics/joints/jolt_joint_3d.c,1,0,1,2,9770
scene/2d/polygon_2d.c,13,7,47,67,242815
servers/audio_server.c,29,69,147,245,457895
servers/rendering/renderer_rd/pipeline_cache_rd.c,1,1,7,9,9105
thirdparty/rvo2/rvo2_2d/Obstacle2d.c,1,0,0,1,196
thirdparty/jpeg-compressor/jpgd.c,15,18,86,119,117644
editor/plugins/animation_tree_editor_plugin.c,19,13,16,48,61873
core/io/resource_loader.c,16,43,150,209,259446
servers/navigation_server_2d.c,12,7,40,59,366262
editor/editor_feature_profile.c,46,50,130,226,264085
thirdparty/glslang/glslang/MachineIndependent/intermOut.c,15,2,25,42,105514
modules/openxr/editor/openxr_binding_modifier_editor.c,20,9,23,52,91102
editor/plugins/gpu_particles_collision_sdf_editor_plugin.c,14,4,17,35,56009
thirdparty/harfbuzz/src/hb-map.c,4,10,21,35,16533
editor/editor_main_screen.c,17,10,28,55,58071
thirdparty/libpng/pngerror.c,1,1,16,18,7591
editor/scene_tree_dock.c,59,102,254,415,528306
thirdparty/jolt_physics/Jolt/TriangleSplitter/TriangleSplitterMean.c,1,0,2,3,1586
thirdparty/pcre2/src/pcre2_match_16.c,11,20,124,155,111431
thirdparty/icu4c/common/rbbidata.c,2,0,0,2,5467
modules/fbx/editor/editor_scene_importer_ufbx.c,13,12,37,62,62214
scene/2d/physics/character_body_2d.c,16,6,22,44,201000
servers/rendering/renderer_scene_occlusion_cull.c,3,0,6,9,10619
scene/3d/cpu_particles_3d.c,44,17,71,132,456130
servers/audio/audio_stream.c,23,16,56,95,345328
thirdparty/zlib/deflate.c,5,8,18,31,34882
editor/export/codesign.c,4,24,81,109,186546
thirdparty/pcre2/src/pcre2_jit_compile_16.c,70,44,134,248,338714
thirdparty/cvtt/ConvectionKernels_ETC.c,3,18,161,182,173063
core/string/translation_server.c,6,18,72,96,207431
editor/plugins/text_shader_editor.c,37,41,112,190,241221
drivers/unix/os_unix.c,6,9,27,42,62382
thirdparty/jolt_physics/Jolt/Physics/Constraints/PathConstraint.c,0,0,12,12,76691
scene/gui/aspect_ratio_container.c,8,1,13,22,66138
thirdparty/freetype/src/pcf/pcf.c,3,3,23,29,16484
modules/navigation/nav_region.c,3,0,21,24,18002
thirdparty/manifold/src/impl.c,24,40,91,155,97796
servers/rendering/renderer_rd/forward_mobile/render_forward_mobile.c,25,49,151,225,314340
thirdparty/icu4c/common/rbbirb.c,2,3,2,7,5037
editor/export/editor_export_preset.c,8,17,67,92,165841
scene/resources/particle_process_material.c,32,11,41,84,442173
editor/plugins/editor_preview_plugins.c,18,4,34,56,119486
servers/rendering/dummy/storage/mesh_storage.c,9,5,20,34,39984
thirdparty/wslay/wslay_event.c,4,9,4,17,14922
servers/rendering/renderer_rd/storage_rd/mesh_storage.c,26,40,110,176,197180
editor/editor_asset_installer.c,19,19,60,98,156346
core/io/resource_saver.c,5,7,42,54,102601
thirdparty/openxr/src/loader/loader_logger_recorders.c,2,0,4,6,6135
thirdparty/manifold/src/properties.c,18,8,52,78,45277
thirdparty/freetype/src/autofit/autofit.c,32,34,116,182,77287
editor/audio_stream_preview.c,8,9,23,40,55289
editor/project_converter_3_to_4.c,29,32,149,210,349632
modules/vorbis/audio_stream_ogg_vorbis.c,19,8,42,69,140229
scene/resources/2d/navigation_polygon.c,5,17,57,79,277599
thirdparty/libvorbis/block.c,4,9,19,32,14259
scene/2d/physics/physical_bone_2d.c,10,2,19,31,72218
scene/resources/3d/world_boundary_shape_3d.c,6,0,12,18,39701
modules/webrtc/webrtc_peer_connection.c,6,0,38,44,143624
thirdparty/embree/kernels/bvh/bvh_statistics.c,49,0,21,70,77349
editor/editor_properties_array_dict.c,27,55,155,237,279207
servers/rendering/storage/camera_attributes_storage.c,1,0,7,8,14452
editor/plugins/animation_blend_space_2d_editor.c,17,20,52,89,156513
thirdparty/glslang/glslang/MachineIndependent/ParseHelper.c,116,67,211,394,850090
modules/multiplayer/scene_replication_interface.c,11,68,157,236,151414
thirdparty/jolt_physics/Jolt/Physics/Constraints/PointConstraint.c,0,0,8,8,30587
modules/multiplayer/editor/editor_network_profiler.c,11,16,43,70,103306
editor/debugger/script_editor_debugger.c,25,49,143,217,377956
scene/gui/tab_bar.c,23,11,49,83,352065
thirdparty/thorvg/src/renderer/sw_engine/tvgSwRenderer.c,1,2,15,18,24324
thirdparty/embree/kernels/builders/primrefgen.c,0,9,38,47,74207
thirdparty/zstd/decompress/huf_decompress.c,46,2,102,150,89489
modules/jolt_physics/shapes/jolt_concave_polygon_shape_3d.c,1,3,8,12,10935
thirdparty/thorvg/src/renderer/tvgTaskScheduler.c,1,3,9,13,6029
thirdparty/astcenc/astcenc_symbolic_physical.c,1,0,21,22,6467
servers/rendering/renderer_rd/storage_rd/material_storage.c,16,131,265,412,299155
editor/editor_translation_parser.c,9,11,39,59,73860
thirdparty/jolt_physics/Jolt/Geometry/Indexify.c,1,3,14,18,6398
modules/minimp3/audio_stream_mp3.c,22,8,86,116,159887
thirdparty/etcpak/ProcessRGB.c,6,18,85,109,100517
editor/plugins/tiles/tile_atlas_view.c,16,20,58,94,116189
editor/editor_resource_picker.c,25,25,88,138,291777
editor/import_defaults_editor.c,16,16,51,83,80275
modules/jolt_physics/spaces/jolt_contact_listener_3d.c,10,8,18,36,38145
editor/plugins/node_3d_editor_plugin.c,52,126,365,543,895030
thirdparty/harfbuzz/src/hb-ot-font.c,21,83,229,333,288136
scene/gui/slider.c,9,4,14,27,76638
modules/openxr/openxr_api.c,50,39,142,231,258445
editor/connections_dialog.c,24,40,99,163,251468
core/os/main_loop.c,4,2,14,20,49226
scene/main/viewport.c,27,79,177,283,901069
modules/mobile_vr/mobile_vr_interface.c,5,0,9,14,82962
editor/plugins/gradient_texture_2d_editor_plugin.c,18,8,13,39,79149
editor/gui/scene_tree_editor.c,25,63,113,201,305281
core/debugger/debugger_marshalls.c,8,2,12,22,33587
thirdparty/rvo2/rvo2_3d/Agent3d.c,1,1,10,12,11785
scene/resources/2d/skeleton/skeleton_modification_2d_jiggle.c,6,3,14,23,186762
scene/gui/graph_frame.c,9,2,4,15,106836
scene/2d/tile_map_layer.c,108,64,263,435,597934
thirdparty/libpng/pngtrans.c,1,0,17,18,6058
scene/animation/root_motion_view.c,5,0,20,25,70648
editor/project_manager/quick_settings_dialog.c,13,18,23,54,63394
thirdparty/wslay/wslay_frame.c,4,0,5,9,7560
thirdparty/jolt_physics/Jolt/Physics/Body/MassProperties.c,0,1,12,13,9549
thirdparty/jolt_physics/Jolt/Physics/Collision/Shape/StaticCompoundShape.c,17,10,31,58,142880
editor/plugins/tiles/tile_map_layer_editor.c,88,116,309,513,529302
editor/plugins/texture_3d_editor_plugin.c,14,4,12,30,53387
scene/resources/visual_shader_nodes.c,94,14,170,278,1640458
core/math/geometry_2d.c,18,32,87,137,72939
core/object/script_instance.c,1,0,3,4,4674
modules/jolt_physics/objects/jolt_body_3d.c,8,5,16,29,73696
servers/debugger/servers_debugger.c,12,33,84,129,103406
editor/debugger/editor_profiler.c,15,34,81,130,150909
modules/upnp/upnp_device_miniupnp.c,6,0,5,11,20628
thirdparty/embree/kernels/bvh/bvh_builder_morton.c,16,48,104,168,224464
thirdparty/glslang/glslang/MachineIndependent/Intermediate.c,19,5,38,62,192228
thirdparty/libktx/lib/basis_transcode.c,8,2,20,30,11177
editor/plugins/control_editor_plugin.c,39,40,93,172,218021
thirdparty/thorvg/src/loaders/svg/tvgSvgLoader.c,1,0,9,10,10746
scene/2d/physics/area_2d.c,10,29,77,116,210042
modules/godot_physics_2d/godot_broad_phase_2d_bvh.c,9,7,37,53,72242
thirdparty/icu4c/common/ucharstriebuilder.c,1,2,6,9,12893
thirdparty/clipper2/src/clipper.offset.c,12,34,104,150,66776
thirdparty/astcenc/astcenc_percentile_tables.c,2,1,2,5,1306
thirdparty/embree/kernels/common/rtcore.c,5,8,12,25,74181
editor/plugins/animation_state_machine_editor.c,84,54,125,263,317086
servers/rendering/rendering_device_graph.c,19,18,90,127,138680
modules/gltf/extensions/gltf_light.c,7,1,8,16,97268
servers/rendering/renderer_rd/framebuffer_cache_rd.c,9,4,26,39,33036
modules/navigation/2d/nav_mesh_generator_2d.c,37,29,94,160,122649
servers/rendering/renderer_scene_render.c,1,0,6,7,16872
core/register_core_types.c,74,19,221,314,857384
scene/resources/mesh.c,28,33,110,171,627264
scene/gui/graph_edit.c,73,75,178,326,663458
thirdparty/embree/common/lexers/tokenstream.c,5,6,23,34,136416
editor/debugger/editor_debugger_node.c,17,47,64,128,184259
modules/navigation/3d/godot_navigation_server_3d.c,16,14,52,82,166177
editor/find_in_files.c,15,37,92,144,198128
servers/rendering/renderer_canvas_cull.c,43,57,146,246,267651
drivers/unix/net_socket_unix.c,8,2,7,17,26087
editor/editor_native_shader_source_visualizer.c,13,3,7,23,47183
core/debugger/script_debugger.c,4,6,24,34,25757
drivers/unix/dir_access_unix.c,13,7,22,42,41805
thirdparty/libtheora/x86/sse2idct.c,2,0,0,2,18770
thirdparty/jolt_physics/Jolt/Physics/Collision/Shape/MeshShape.c,31,22,131,184,238530
thirdparty/jolt_physics/Jolt/Physics/Vehicle/VehicleConstraint.c,12,10,17,39,69022
editor/editor_run_native.c,13,4,12,29,40690
thirdparty/mbedtls/library/ssl_tls.c,26,9,19,54,64650
scene/3d/multimesh_instance_3d.c,6,0,6,12,35997
modules/openxr/editor/openxr_interaction_profile_editor.c,17,13,32,62,98497
drivers/gles3/storage/light_storage.c,15,30,104,149,167742
modules/navigation/3d/nav_mesh_queries_3d.c,4,9,41,54,51661
scene/gui/graph_node.c,27,14,39,80,254769
editor/export/editor_export_platform_extension.c,5,3,34,42,205361
thirdparty/manifold/src/boolean_result.c,10,29,77,116,91503
editor/plugins/navigation_polygon_editor_plugin.c,18,2,8,28,62948
thirdparty/graphite/src/Code.c,3,1,3,7,19026
editor/plugins/mesh_editor_plugin.c,27,2,6,35,63759
servers/rendering/renderer_rd/effects/fsr2.c,66,10,60,136,85420
scene/main/scene_tree.c,17,57,165,239,418824
scene/resources/mesh_data_tool.c,9,6,34,49,226778
modules/websocket/wsl_peer.c,9,6,34,49,92028
thirdparty/embree/kernels/common/stat.c,8,0,11,19,18184
scene/animation/animation_mixer.c,20,114,175,309,492276
modules/godot_physics_2d/godot_shape_2d.c,14,22,59,95,76984
scene/3d/visual_instance_3d.c,8,9,33,50,235449
core/io/plist.c,8,5,34,47,74730
thirdparty/icu4c/common/uloc_tag.c,4,29,52,85,44694
thirdparty/vhacd/src/vhacdManifoldMesh.c,1,24,19,44,12005
editor/plugins/parallax_background_editor_plugin.c,13,2,12,27,42665
thirdparty/pcre2/src/pcre2_context_16.c,3,0,0,3,2945
drivers/gles3/storage/utilities.c,3,6,30,39,51989
thirdparty/jolt_physics/Jolt/Geometry/ConvexHullBuilder.c,12,17,50,79,37198
thirdparty/openxr/src/external/jsoncpp/src/lib_json/json_reader.c,20,41,82,143,118842
scene/gui/base_button.c,10,10,27,47,162429
editor/history_dock.c,18,15,26,59,67169
scene/resources/image_texture.c,23,4,40,67,159356
thirdparty/glslang/glslang/MachineIndependent/linkValidate.c,21,38,128,187,303684
thirdparty/vhacd/src/VHACD.c,7,8,59,74,89369
core/extension/gdextension.c,23,44,140,207,219828
editor/plugins/gizmos/collision_shape_3d_gizmo_plugin.c,13,10,18,41,71315
thirdparty/recastnavigation/Recast/Source/RecastLayers.c,6,1,33,40,10178
editor/import/dynamic_font_import_settings.c,29,30,74,133,227534
thirdparty/manifold/src/subdivision.c,9,13,62,84,60551
modules/gltf/extensions/physics/gltf_document_extension_physics.c,13,6,11,30,76675
editor/editor_about.c,30,10,18,58,84186
scene/gui/center_container.c,9,1,9,19,35973
scene/resources/2d/tile_set.c,173,237,704,1114,1732198
servers/camera/camera_feed.c,5,0,14,19,131339
scene/2d/physics/joints/damped_spring_joint_2d.c,8,0,15,23,44015
thirdparty/recastnavigation/Recast/Source/RecastContour.c,1,4,35,40,19910
thirdparty/astcenc/astcenc_find_best_partitioning.c,4,2,26,32,12776
thirdparty/harfbuzz/src/hb-ot-cff1-table.c,4,8,42,54,91798
thirdparty/mbedtls/library/md5.c,5,0,5,10,7774
scene/3d/xr_body_modifier_3d.c,8,4,25,37,68210
editor/plugins/asset_library_editor_plugin.c,32,34,87,153,274510
thirdparty/jolt_physics/Jolt/Physics/SoftBody/SoftBodyCreationSettings.c,11,8,13,32,23611
thirdparty/harfbuzz/src/hb-subset-plan.c,83,184,618,885,574274
core/string/ustring.c,6,29,84,119,109966
thirdparty/freetype/src/sdf/sdf.c,4,5,36,45,27182
thirdparty/libwebp/src/dsp/alpha_processing_sse2.c,4,2,21,27,21777
editor/plugins/animation_blend_space_1d_editor.c,15,33,81,129,135420
scene/resources/portable_compressed_texture.c,8,0,36,44,103515
thirdparty/zstd/compress/zstd_compress.c,48,12,35,95,104987
thirdparty/icu4c/common/util.c,2,3,7,12,9317
editor/project_manager.c,23,43,115,181,254751
servers/audio/effects/audio_effect_filter.c,8,0,29,37,77005
servers/text_server.c,14,17,189,220,1051389
modules/basis_universal/image_compress_basisu.c,16,3,33,52,27049
editor/plugins/tiles/tile_set_editor.c,31,38,60,129,147596
modules/gltf/register_types.c,28,8,35,71,123903
thirdparty/icu4c/common/lstmbe.c,5,6,16,27,19525
thirdparty/msdfgen/core/contour-combiners.c,26,14,31,71,23850
core/variant/variant_call.c,6,119,1248,1373,2145935
modules/fbx/register_types.c,9,11,36,56,48903
modules/theora/video_stream_theora.c,12,5,26,43,59172
thirdparty/icu4c/i18n/scriptset.c,4,3,19,26,6031
thirdparty/libpng/pngrtran.c,5,17,125,147,62358
thirdparty/jolt_physics/Jolt/Renderer/DebugRendererRecorder.c,21,7,18,46,24915
servers/rendering/storage/compositor_storage.c,3,9,14,26,25353
platform/macos/export/export_plugin.c,11,14,64,89,421233
thirdparty/freetype/src/bdf/bdf.c,11,13,22,46,32323
scene/resources/atlas_texture.c,7,2,17,26,82791
scene/3d/voxelizer.c,18,14,79,111,100701
editor/editor_log.c,19,16,45,80,100713
thirdparty/glslang/glslang/MachineIndependent/Initialize.c,13,18,164,195,262807
scene/resources/gradient.c,5,12,56,73,156348
scene/register_scene_types.c,137,3,41,181,1105080
scene/resources/video_stream.c,8,2,15,25,96120
scene/gui/grid_container.c,14,26,46,86,72137
editor/editor_command_palette.c,23,30,72,125,142119
thirdparty/harfbuzz/src/hb-ot-math.c,1,7,25,33,35314
modules/openxr/scene/openxr_hand.c,13,0,25,38,89962
servers/rendering/renderer_viewport.c,6,19,86,111,151239
core/math/convex_hull.c,11,31,61,103,83527
thirdparty/manifold/src/constructors.c,16,23,76,115,88631
modules/websocket/websocket_multiplayer_peer.c,9,13,32,54,141079
thirdparty/libwebp/src/dsp/enc_sse2.c,26,0,44,70,80691
scene/resources/style_box_flat.c,9,2,17,28,179791
thirdparty/embree/kernels/bvh/bvh_rotate.c,6,0,2,8,14629
thirdparty/tinyexr/tinyexr.c,71,35,312,418,220677
thirdparty/mbedtls/library/psa_crypto_pake.c,3,0,0,3,3455
editor/plugins/script_text_editor.c,41,46,147,234,371529
modules/gdscript/gdscript_parser.c,51,124,409,584,1121343
modules/godot_physics_3d/joints/godot_generic_6dof_joint_3d.c,7,3,17,27,26513
editor/debugger/editor_debugger_inspector.c,11,11,63,85,116834
scene/gui/subviewport_container.c,8,6,15,29,69660
core/math/a_star_grid_2d.c,8,6,41,55,280455
thirdparty/glslang/glslang/MachineIndependent/propagateNoContraction.c,18,18,29,65,78767
editor/plugins/tiles/atlas_merging_dialog.c,27,16,34,77,85187
modules/jolt_physics/objects/jolt_area_3d.c,2,19,44,65,59584
thirdparty/embree/common/sys/sysinfo.c,2,0,6,8,27227
servers/extensions/physics_server_2d_extension.c,15,23,83,121,1051578
thirdparty/jolt_physics/Jolt/Physics/Body/MotionProperties.c,1,0,0,1,2085
scene/gui/file_dialog.c,21,40,91,152,407703
thirdparty/glslang/glslang/MachineIndependent/ShaderLang.c,25,44,89,158,144753
servers/audio/effects/audio_effect_eq.c,10,8,29,47,74619
core/templates/command_queue_mt.c,1,0,0,1,625
editor/event_listener_line_edit.c,9,4,19,32,56552
thirdparty/libwebp/src/dsp/lossless_sse2.c,16,1,20,37,79509
editor/editor_properties.c,55,134,276,465,613844
scene/resources/visual_shader.c,112,176,401,689,1055528
scene/3d/gpu_particles_3d.c,11,10,25,46,258840
scene/gui/popup_menu.c,19,26,76,121,572603
editor/export/project_export.c,28,39,66,133,238681
thirdparty/jolt_physics/Jolt/Physics/Collision/CastConvexVsTriangles.c,2,4,18,24,42861
thirdparty/manifold/src/quickhull.c,19,13,43,75,76959
servers/rendering/shader_preprocessor.c,24,33,81,138,146558
thirdparty/libwebp/src/enc/picture_rescale_enc.c,2,0,1,3,6979
scene/main/window.c,19,96,235,350,785076
modules/openxr/editor/openxr_action_set_editor.c,13,6,21,40,88882
thirdparty/embree/kernels/bvh/bvh_intersector1_bvh4.c,136,38,61,235,275310
editor/plugins/root_motion_editor_plugin.c,12,7,31,50,68930
thirdparty/jolt_physics/Jolt/Physics/Constraints/SliderConstraint.c,0,0,4,4,75325
thirdparty/libwebp/src/dec/vp8_dec.c,24,3,15,42,20504
thirdparty/miniupnpc/src/minissdpc.c,4,2,19,25,12659
thirdparty/mbedtls/library/rsa.c,7,3,10,20,22473
modules/gdscript/gdscript_cache.c,7,16,87,110,122969
modules/godot_physics_3d/godot_collision_object_3d.c,3,6,11,20,14366
thirdparty/jolt_physics/Jolt/Physics/Vehicle/VehicleTransmission.c,0,0,1,1,5189
platform/web/export/editor_http_server.c,5,2,16,23,37205
editor/plugins/animation_blend_tree_editor_plugin.c,35,52,121,208,279296
editor/plugins/bit_map_editor_plugin.c,22,0,6,28,53303
core/io/marshalls.c,4,8,290,302,121329
thirdparty/meshoptimizer/indexcodec.c,4,6,11,21,8805
modules/godot_physics_3d/godot_step_3d.c,6,3,22,31,15704
modules/godot_physics_3d/godot_soft_body_3d.c,16,12,68,96,69852
main/performance.c,3,7,33,43,101945
modules/openxr/editor/openxr_select_runtime.c,11,2,19,32,40628
editor/debugger/editor_expression_evaluator.c,10,10,22,42,59032
thirdparty/amd-fsr2/ffx_fsr2.c,14,3,18,35,24998
platform/android/export/export_plugin.c,32,23,143,198,435132
modules/godot_physics_3d/godot_body_pair_3d.c,8,18,23,49,76714
modules/enet/enet_multiplayer_peer.c,11,14,36,61,123992
scene/resources/3d/importer_mesh.c,21,39,130,190,351218
thirdparty/libwebp/src/utils/palette.c,4,5,17,26,5182
editor/plugins/voxel_gi_editor_plugin.c,11,4,14,29,43783
core/input/input_map.c,6,15,75,96,186249
thirdparty/jolt_physics/Jolt/Physics/Constraints/RackAndPinionConstraint.c,1,0,2,3,19304
editor/plugins/packed_scene_editor_plugin.c,15,4,12,31,50107
editor/project_manager/project_tag.c,11,0,10,21,36883
editor/add_metadata_dialog.c,22,5,24,51,64565
thirdparty/harfbuzz/src/hb-subset-cff2.c,28,34,177,239,145938
modules/gdscript/register_types.c,11,0,7,18,44994
thirdparty/icu4c/common/rbbinode.c,1,2,3,6,7268
thirdparty/mbedtls/library/sha512.c,12,0,8,20,9234
thirdparty/jolt_physics/Jolt/Physics/Collision/Shape/MutableCompoundShape.c,11,4,43,58,94087
thirdparty/embree/kernels/bvh/bvh.c,2,31,75,108,60523
modules/gdscript/language_server/gdscript_text_document.c,15,9,36,60,144231
editor/plugins/node_3d_editor_gizmos.c,14,19,114,147,409542
scene/gui/tab_container.c,6,20,46,72,314413
platform/linuxbsd/os_linuxbsd.c,6,13,28,47,78102
thirdparty/pcre2/src/pcre2_jit_compile_32.c,64,43,125,232,315585
drivers/gles3/effects/cubemap_filter.c,1,8,8,17,19667
thirdparty/jolt_physics/Jolt/Physics/Collision/Shape/TriangleShape.c,0,0,5,5,32724
thirdparty/icu4c/common/unames.c,11,13,58,82,25880
modules/gdscript/editor/gdscript_translation_parser_plugin.c,7,10,41,58,55427
editor/plugins/light_occluder_2d_editor_plugin.c,16,0,1,17,33316
servers/movie_writer/movie_writer_mjpeg.c,6,0,6,12,27327
drivers/gles3/shader_gles3.c,21,48,144,213,127005
core/math/color.c,2,1,14,17,32765
thirdparty/harfbuzz/src/hb-subset.c,116,355,1184,1655,1183080
modules/openxr/action_map/openxr_interaction_profile_metadata.c,11,13,48,72,105545
modules/gdscript/editor/gdscript_docgen.c,12,24,94,130,136335
thirdparty/jolt_physics/Jolt/Physics/Collision/Shape/ConvexShape.c,9,22,59,90,118870
editor/editor_build_profile.c,31,47,116,194,216998
editor/run_instances_dialog.c,19,11,30,60,73288
thirdparty/libwebp/src/dec/idec_dec.c,1,0,3,4,11273
modules/gdscript/gdscript_compiler.c,46,59,214,319,353767
scene/gui/check_box.c,12,0,8,20,44612
core/math/triangle_mesh.c,5,25,56,86,51607
modules/interactive_music/editor/audio_stream_interactive_editor_plugin.c,19,11,32,62,113919
thirdparty/icu4c/common/ucharstrieiterator.c,1,2,2,5,6550
thirdparty/misc/polypartition.c,11,40,116,167,79020
thirdparty/libwebp/src/dsp/enc.c,11,1,57,69,42586
editoreditor_node.c,104,166,424,694,909630
scene/3d/lightmap_gi.c,35,30,102,167,473198
thirdparty/enet/enet_godot.c,2,2,18,22,36656
editor/plugins/dedicated_server_export_plugin.c,4,3,11,18,25457
editor/plugins/camera_3d_editor_plugin.c,19,8,13,40,64275
thirdparty/jolt_physics/Jolt/Physics/Constraints/ContactConstraintManager.c,15,27,138,180,191881
thirdparty/harfbuzz/src/hb-unicode.c,1,3,5,9,9730
servers/rendering/renderer_rd/environment/gi.c,23,26,138,187,294351
drivers/gles3/storage/render_scene_buffers_gles3.c,5,4,23,32,50867
editor/plugins/shader_file_editor_plugin.c,27,33,63,123,93786
editor/plugins/animation_library_editor.c,34,43,98,175,195987
thirdparty/embree/kernels/bvh/bvh_builder_sah.c,41,24,35,100,74943
thirdparty/jpeg-compressor/jpge.c,15,8,55,78,54968
thirdparty/icu4c/common/unisetspan.c,4,15,40,59,21505
scene/resources/animation.c,60,165,403,628,997849
core/variant/variant_setget.c,4,6,34,44,192799
core/io/resource.c,13,14,64,91,171734
thirdparty/jolt_physics/Jolt/TriangleSplitter/TriangleSplitterLongestAxis.c,1,0,2,3,1692
editor/gui/editor_object_selector.c,12,7,20,39,50963
editor/import/3d/collada.c,28,115,414,557,449135
scene/resources/material.c,23,39,137,199,726037
thirdparty/jolt_physics/Jolt/Physics/Collision/CollideConvexVsTriangles.c,6,3,17,26,41690
thirdparty/jolt_physics/Jolt/Physics/Vehicle/TrackedVehicleController.c,1,4,19,24,27238
scene/animation/tween.c,10,6,31,47,308813
scene/gui/flow_container.c,10,4,22,36,88414
editor/import/3d/post_import_plugin_skeleton_rest_fixer.c,15,26,58,99,128151
thirdparty/mbedtls/library/mps_reader.c,1,0,0,1,1786
servers/physics_server_2d.c,14,14,72,100,857761
editor/import/3d/editor_import_collada.c,41,68,397,506,449536
platform/ios/export/export_plugin.c,33,29,136,198,361939
editor/progress_dialog.c,23,14,31,68,71330
modules/godot_physics_3d/joints/godot_hinge_joint_3d.c,6,4,15,25,34494
modules/godot_physics_2d/godot_body_pair_2d.c,4,6,10,20,31618
scene/main/resource_preloader.c,4,9,33,46,91227
editor/editor_data.c,16,60,160,236,221441
editor/plugins/input_event_editor_plugin.c,19,2,6,27,50414
editor/plugins/texture_editor_plugin.c,20,2,12,34,61447
servers/audio/audio_effect.c,6,2,18,26,61423
modules/gdscript/gdscript.c,78,144,387,609,504436
scene/2d/skeleton_2d.c,11,8,52,71,168241
thirdparty/embree/kernels/bvh/bvh_builder.c,46,47,87,180,247259
editor/plugins/gizmos/joint_3d_gizmo_plugin.c,13,9,12,34,48216
editor/project_manager/project_list.c,43,32,68,143,181153
modules/jolt_physics/shapes/jolt_shape_instance_3d.c,1,0,2,3,2938
scene/3d/xr_hand_modifier_3d.c,10,4,24,38,59152
drivers/gles3/rasterizer_gles3.c,3,0,4,7,13244
thirdparty/jolt_physics/Jolt/Physics/Character/CharacterVirtual.c,23,17,28,68,102183
core/object/class_db.c,22,137,436,595,415418
scene/3d/node_3d.c,12,5,24,41,255354
thirdparty/clipper2/src/clipper.rectclip.c,8,19,38,65,41038
modules/openxr/openxr_interface.c,19,11,38,68,246537
thirdparty/icu4c/common/loclikelysubtags.c,9,4,14,27,28204
thirdparty/libwebp/src/mux/muxedit.c,4,4,1,9,6298
thirdparty/harfbuzz/src/hb-set.c,17,22,90,129,46747
modules/text_server_adv/thorvg_svg_in_ot.c,5,10,39,54,61200
editor/editor_interface.c,5,16,63,84,362099
modules/godot_physics_3d/godot_space_3d.c,12,17,61,90,82368
thirdparty/libwebp/src/demux/anim_decode.c,2,0,5,7,4538
thirdparty/zstd/compress/zstd_opt.c,136,15,73,224,92825
thirdparty/vhacd/src/vhacdICHull.c,5,25,22,52,30279
editor/gui/editor_run_bar.c,9,11,26,46,85999
thirdparty/libwebp/src/demux/demux.c,2,7,4,13,10160
core/io/resource_format_binary.c,19,29,149,197,267216
core/object/message_queue.c,4,15,42,61,45919
editor/editor_autoload_settings.c,20,27,66,113,153418
thirdparty/jolt_physics/Jolt/Physics/PhysicsUpdateContext.c,1,1,11,13,4589
thirdparty/jolt_physics/Jolt/Physics/Constraints/HingeConstraint.c,7,0,16,23,67649
thirdparty/basis_universal/encoder/basisu_enc.c,26,25,215,266,106736
