File,File,Repo,File,for loops,while loops,do-while loops,total,File,File,for loops,while loops,do-while loops,total loops,total nodes,File,for loops,while loops,do-while loops,total loops,total nodes
providers/implementations/rands/drbg_hash.c,providers/implementations/rands/drbg_hash.c,openssl,providers/implementations/rands/drbg_hash.c,4,0,0,4,providers/implementations/rands/drbg_hash.c,providers/implementations/rands/drbg_hash.c,0,3,10,13,6769,providers/implementations/rands/drbg_hash.c,3,3,8,14,6364
providers/implementations/rands/drbg_ctr.c,providers/implementations/rands/drbg_ctr.c,openssl,providers/implementations/rands/drbg_ctr.c,4,0,3,4,providers/implementations/rands/drbg_ctr.c,providers/implementations/rands/drbg_ctr.c,1,0,6,7,28699,providers/implementations/rands/drbg_ctr.c,2,0,6,8,28122
providers/implementations/encode_decode/ml_common_codecs.c,providers/implementations/encode_decode/ml_common_codecs.c,openssl,providers/implementations/encode_decode/ml_common_codecs.c,2,0,1,2,providers/implementations/encode_decode/ml_common_codecs.c,providers/implementations/encode_decode/ml_common_codecs.c,0,0,2,2,1128,providers/implementations/encode_decode/ml_common_codecs.c,2,0,2,4,806
providers/implementations/kdfs/sskdf.c,providers/implementations/kdfs/sskdf.c,openssl,providers/implementations/kdfs/sskdf.c,2,0,0,2,providers/implementations/kdfs/sskdf.c,providers/implementations/kdfs/sskdf.c,1,3,0,4,7398,providers/implementations/kdfs/sskdf.c,2,3,0,5,7085
providers/implementations/kdfs/sshkdf.c,providers/implementations/kdfs/sshkdf.c,openssl,providers/implementations/kdfs/sshkdf.c,1,0,0,1,providers/implementations/kdfs/sshkdf.c,providers/implementations/kdfs/sshkdf.c,0,1,0,1,3742,providers/implementations/kdfs/sshkdf.c,3,1,0,4,3253
providers/implementations/kdfs/pkcs12kdf.c,providers/implementations/kdfs/pkcs12kdf.c,openssl,providers/implementations/kdfs/pkcs12kdf.c,8,0,0,8,providers/implementations/kdfs/pkcs12kdf.c,providers/implementations/kdfs/pkcs12kdf.c,0,1,6,7,3926,providers/implementations/kdfs/pkcs12kdf.c,3,1,6,10,3702
providers/implementations/kdfs/pbkdf2.c,providers/implementations/kdfs/pbkdf2.c,openssl,providers/implementations/kdfs/pbkdf2.c,2,1,0,3,providers/implementations/kdfs/pbkdf2.c,providers/implementations/kdfs/pbkdf2.c,0,0,2,2,5700,providers/implementations/kdfs/pbkdf2.c,3,0,2,5,5457
providers/implementations/kdfs/tls1_prf.c,providers/implementations/kdfs/tls1_prf.c,openssl,providers/implementations/kdfs/tls1_prf.c,3,0,0,3,providers/implementations/kdfs/tls1_prf.c,providers/implementations/kdfs/tls1_prf.c,1,2,1,4,4819,providers/implementations/kdfs/tls1_prf.c,4,2,1,7,4652
providers/implementations/kdfs/pbkdf1.c,providers/implementations/kdfs/pbkdf1.c,openssl,providers/implementations/kdfs/pbkdf1.c,1,0,0,1,providers/implementations/kdfs/pbkdf1.c,providers/implementations/kdfs/pbkdf1.c,0,0,1,1,2841,providers/implementations/kdfs/pbkdf1.c,3,0,1,4,2646
providers/implementations/kdfs/krb5kdf.c,providers/implementations/kdfs/krb5kdf.c,openssl,providers/implementations/kdfs/krb5kdf.c,5,1,0,6,providers/implementations/kdfs/krb5kdf.c,providers/implementations/kdfs/krb5kdf.c,0,1,4,5,4163,providers/implementations/kdfs/krb5kdf.c,3,1,4,8,3903
providers/implementations/kdfs/argon2.c,providers/implementations/kdfs/argon2.c,openssl,providers/implementations/kdfs/argon2.c,17,1,0,18,providers/implementations/kdfs/argon2.c,providers/implementations/kdfs/argon2.c,13,6,21,40,37164,providers/implementations/kdfs/argon2.c,14,6,21,41,37006
providers/implementations/ciphers/cipher_tdes_default_hw.c,providers/implementations/ciphers/cipher_tdes_default_hw.c,openssl,providers/implementations/ciphers/cipher_tdes_default_hw.c,1,3,0,4,providers/implementations/ciphers/cipher_tdes_default_hw.c,providers/implementations/ciphers/cipher_tdes_default_hw.c,0,0,4,4,2623,providers/implementations/ciphers/cipher_tdes_default_hw.c,1,0,4,5,2123
providers/implementations/ciphers/cipher_chacha20_hw.c,providers/implementations/ciphers/cipher_chacha20_hw.c,openssl,providers/implementations/ciphers/cipher_chacha20_hw.c,3,2,0,5,providers/implementations/ciphers/cipher_chacha20_hw.c,providers/implementations/ciphers/cipher_chacha20_hw.c,0,2,3,5,3371,providers/implementations/ciphers/cipher_chacha20_hw.c,2,2,3,7,2967
providers/implementations/ciphers/cipher_aes_cbc_hmac_sha1_hw.c,providers/implementations/ciphers/cipher_aes_cbc_hmac_sha1_hw.c,openssl,providers/implementations/ciphers/cipher_aes_cbc_hmac_sha1_hw.c,16,0,1,16,providers/implementations/ciphers/cipher_aes_cbc_hmac_sha1_hw.c,providers/implementations/ciphers/cipher_aes_cbc_hmac_sha1_hw.c,5,3,7,15,19709,providers/implementations/ciphers/cipher_aes_cbc_hmac_sha1_hw.c,11,3,7,21,18139
providers/implementations/ciphers/cipher_aes_cbc_hmac_sha256_hw.c,providers/implementations/ciphers/cipher_aes_cbc_hmac_sha256_hw.c,openssl,providers/implementations/ciphers/cipher_aes_cbc_hmac_sha256_hw.c,16,0,1,16,providers/implementations/ciphers/cipher_aes_cbc_hmac_sha256_hw.c,providers/implementations/ciphers/cipher_aes_cbc_hmac_sha256_hw.c,5,3,7,15,21535,providers/implementations/ciphers/cipher_aes_cbc_hmac_sha256_hw.c,11,3,7,21,19668
providers/implementations/digests/blake2s_prov.c,providers/implementations/digests/blake2s_prov.c,openssl,providers/implementations/digests/blake2s_prov.c,7,0,1,7,providers/implementations/digests/blake2s_prov.c,providers/implementations/digests/blake2s_prov.c,2,0,1,3,16208,providers/implementations/digests/blake2s_prov.c,3,0,1,4,16117
providers/implementations/digests/blake2_prov.c,providers/implementations/digests/blake2_prov.c,openssl,providers/implementations/digests/blake2_prov.c,0,0,0,0,providers/implementations/digests/blake2_prov.c,providers/implementations/digests/blake2_prov.c,2,0,0,2,3409,providers/implementations/digests/blake2_prov.c,3,0,0,3,3081
crypto/hashtable/hashtable.c,crypto/hashtable/hashtable.c,openssl,crypto/hashtable/hashtable.c,13,0,2,13,crypto/hashtable/hashtable.c,crypto/hashtable/hashtable.c,2,5,8,15,10018,crypto/hashtable/hashtable.c,3,5,8,16,9896
crypto/ct/ct_oct.c,crypto/ct/ct_oct.c,openssl,crypto/ct/ct_oct.c,1,2,0,3,crypto/ct/ct_oct.c,crypto/ct/ct_oct.c,3,1,1,5,5464,crypto/ct/ct_oct.c,5,1,1,7,5281
crypto/des/des_enc.c,crypto/des/des_enc.c,openssl,crypto/des/des_enc.c,2,0,0,2,crypto/des/des_enc.c,crypto/des/des_enc.c,0,0,4,4,31311,crypto/des/des_enc.c,4,0,4,8,31283
crypto/des/cbc_enc.c,crypto/des/cbc_enc.c,openssl,crypto/des/cbc_enc.c,0,0,0,0,crypto/des/cbc_enc.c,crypto/des/cbc_enc.c,0,0,2,2,2153,crypto/des/cbc_enc.c,2,0,2,4,2139
crypto/des/cfb_enc.c,crypto/des/cfb_enc.c,openssl,crypto/des/cfb_enc.c,2,2,0,4,crypto/des/cfb_enc.c,crypto/des/cfb_enc.c,0,2,4,6,6813,crypto/des/cfb_enc.c,2,2,4,8,6803
crypto/des/ofb64enc.c,crypto/des/ofb64enc.c,openssl,crypto/des/ofb64enc.c,0,1,0,1,crypto/des/ofb64enc.c,crypto/des/ofb64enc.c,0,0,1,1,789,crypto/des/ofb64enc.c,2,0,1,3,609
crypto/des/fcrypt.c,crypto/des/fcrypt.c,openssl,crypto/des/fcrypt.c,4,0,0,4,crypto/des/fcrypt.c,crypto/des/fcrypt.c,0,0,2,2,2434,crypto/des/fcrypt.c,2,0,2,4,2336
crypto/des/cfb64ede.c,crypto/des/cfb64ede.c,openssl,crypto/des/cfb64ede.c,2,4,0,6,crypto/des/cfb64ede.c,crypto/des/cfb64ede.c,0,2,4,6,9074,crypto/des/cfb64ede.c,1,2,4,7,9071
crypto/des/set_key.c,crypto/des/set_key.c,openssl,crypto/des/set_key.c,4,0,0,4,crypto/des/set_key.c,crypto/des/set_key.c,0,0,2,2,2266,crypto/des/set_key.c,1,0,2,3,2118
crypto/des/ofb64ede.c,crypto/des/ofb64ede.c,openssl,crypto/des/ofb64ede.c,0,1,0,1,crypto/des/ofb64ede.c,crypto/des/ofb64ede.c,0,0,1,1,950,crypto/des/ofb64ede.c,2,0,1,3,770
crypto/ml_dsa/ml_dsa_key.c,crypto/ml_dsa/ml_dsa_key.c,openssl,crypto/ml_dsa/ml_dsa_key.c,0,0,0,0,crypto/ml_dsa/ml_dsa_key.c,crypto/ml_dsa/ml_dsa_key.c,0,0,11,11,9238,crypto/ml_dsa/ml_dsa_key.c,1,0,11,12,9044
crypto/poly1305/poly1305.c,crypto/poly1305/poly1305.c,openssl,crypto/poly1305/poly1305.c,0,3,0,3,crypto/poly1305/poly1305.c,crypto/poly1305/poly1305.c,0,0,2,2,1828,crypto/poly1305/poly1305.c,1,0,2,3,1756
crypto/aes/aes_ige.c,crypto/aes/aes_ige.c,openssl,crypto/aes/aes_ige.c,16,8,0,24,crypto/aes/aes_ige.c,crypto/aes/aes_ige.c,0,0,12,12,12424,crypto/aes/aes_ige.c,8,0,12,20,9944
crypto/deterministic_nonce.c,crypto/deterministic_nonce.c,openssl,crypto/deterministic_nonce.c,0,0,1,0,crypto/deterministic_nonce.c,crypto/deterministic_nonce.c,0,0,2,2,1691,crypto/deterministic_nonce.c,1,0,2,3,1534
crypto/hpke/hpke.c,crypto/hpke/hpke.c,openssl,crypto/hpke/hpke.c,2,0,0,2,crypto/hpke/hpke.c,crypto/hpke/hpke.c,1,0,0,1,18038,crypto/hpke/hpke.c,4,0,0,4,17967
crypto/asn1/asn_mime.c,crypto/asn1/asn_mime.c,openssl,crypto/asn1/asn_mime.c,11,6,1,17,crypto/asn1/asn_mime.c,crypto/asn1/asn_mime.c,1,24,7,32,16291,crypto/asn1/asn_mime.c,3,24,7,34,15235
crypto/cmac/cmac.c,crypto/cmac/cmac.c,openssl,crypto/cmac/cmac.c,3,2,0,5,crypto/cmac/cmac.c,crypto/cmac/cmac.c,0,0,6,6,5887,crypto/cmac/cmac.c,1,0,6,7,5839
crypto/ml_kem/ml_kem.c,crypto/ml_kem/ml_kem.c,openssl,crypto/ml_kem/ml_kem.c,17,1,21,18,crypto/ml_kem/ml_kem.c,crypto/ml_kem/ml_kem.c,0,4,64,68,137170,crypto/ml_kem/ml_kem.c,6,4,64,74,136836
crypto/params_from_text.c,crypto/params_from_text.c,openssl,crypto/params_from_text.c,2,0,0,2,crypto/params_from_text.c,crypto/params_from_text.c,0,0,3,3,3239,crypto/params_from_text.c,1,0,3,4,3169
crypto/cmp/cmp_genm.c,crypto/cmp/cmp_genm.c,openssl,crypto/cmp/cmp_genm.c,5,0,0,5,crypto/cmp/cmp_genm.c,crypto/cmp/cmp_genm.c,3,0,3,6,5703,crypto/cmp/cmp_genm.c,4,0,3,7,5576
crypto/bn/bn_mul.c,crypto/bn/bn_mul.c,openssl,crypto/bn/bn_mul.c,5,1,2,6,crypto/bn/bn_mul.c,crypto/bn/bn_mul.c,1,5,3,9,5704,crypto/bn/bn_mul.c,3,5,3,11,5478
crypto/bn/bn_blind.c,crypto/bn/bn_blind.c,openssl,crypto/bn/bn_blind.c,1,0,1,1,crypto/bn/bn_blind.c,crypto/bn/bn_blind.c,0,0,2,2,4345,crypto/bn/bn_blind.c,1,0,2,3,4315
crypto/bn/bn_exp.c,crypto/bn/bn_exp.c,openssl,crypto/bn/bn_exp.c,37,4,0,41,crypto/bn/bn_exp.c,crypto/bn/bn_exp.c,1,5,37,43,19145,crypto/bn/bn_exp.c,2,5,37,44,18745
crypto/bn/rsaz_exp.c,crypto/bn/rsaz_exp.c,openssl,crypto/bn/rsaz_exp.c,3,1,0,4,crypto/bn/rsaz_exp.c,crypto/bn/rsaz_exp.c,0,0,3,3,2985,crypto/bn/rsaz_exp.c,1,0,3,4,2755
crypto/bn/rsaz_exp_x2.c,crypto/bn/rsaz_exp_x2.c,openssl,crypto/bn/rsaz_exp_x2.c,7,0,0,7,crypto/bn/rsaz_exp_x2.c,crypto/bn/rsaz_exp_x2.c,4,1,6,11,5892,crypto/bn/rsaz_exp_x2.c,6,1,6,13,5537
crypto/bn/bn_nist.c,crypto/bn/bn_nist.c,openssl,crypto/bn/bn_nist.c,4,0,0,4,crypto/bn/bn_nist.c,crypto/bn/bn_nist.c,1,0,4,5,10982,crypto/bn/bn_nist.c,13,0,4,17,10586
crypto/ec/curve448/scalar.c,crypto/ec/curve448/scalar.c,openssl,crypto/ec/curve448/scalar.c,13,1,0,14,crypto/ec/curve448/scalar.c,crypto/ec/curve448/scalar.c,0,1,7,8,9679,crypto/ec/curve448/scalar.c,4,1,7,12,8339
crypto/ec/curve448/f_generic.c,crypto/ec/curve448/f_generic.c,openssl,crypto/ec/curve448/f_generic.c,5,1,0,6,crypto/ec/curve448/f_generic.c,crypto/ec/curve448/f_generic.c,0,1,9,10,6433,crypto/ec/curve448/f_generic.c,1,1,9,11,6437
crypto/ec/ec2_smpl.c,crypto/ec/ec2_smpl.c,openssl,crypto/ec/ec2_smpl.c,1,0,2,1,crypto/ec/ec2_smpl.c,crypto/ec/ec2_smpl.c,0,0,3,3,12752,crypto/ec/ec2_smpl.c,4,0,3,7,11042
crypto/ec/ecp_nistz256.c,crypto/ec/ecp_nistz256.c,openssl,crypto/ec/ecp_nistz256.c,21,1,0,22,crypto/ec/ecp_nistz256.c,crypto/ec/ecp_nistz256.c,1,3,18,22,13713,crypto/ec/ecp_nistz256.c,7,3,18,28,13240
crypto/ec/curve25519.c,crypto/ec/curve25519.c,openssl,crypto/ec/curve25519.c,54,0,0,54,crypto/ec/curve25519.c,crypto/ec/curve25519.c,1,2,38,41,54945,crypto/ec/curve25519.c,25,2,38,65,52412
crypto/ec/ec_mult.c,crypto/ec/ec_mult.c,openssl,crypto/ec/ec_mult.c,17,0,0,17,crypto/ec/ec_mult.c,crypto/ec/ec_mult.c,0,3,14,17,10834,crypto/ec/ec_mult.c,4,3,14,21,10408
crypto/ec/ecp_smpl.c,crypto/ec/ecp_smpl.c,openssl,crypto/ec/ecp_smpl.c,5,0,4,5,crypto/ec/ecp_smpl.c,crypto/ec/ecp_smpl.c,1,0,8,9,24605,crypto/ec/ecp_smpl.c,4,0,8,12,22537
crypto/ffc/ffc_params_validate.c,crypto/ffc/ffc_params_validate.c,openssl,crypto/ffc/ffc_params_validate.c,0,0,0,0,crypto/ffc/ffc_params_validate.c,crypto/ffc/ffc_params_validate.c,1,0,0,1,1671,crypto/ffc/ffc_params_validate.c,2,0,0,2,1648
crypto/ffc/ffc_params.c,crypto/ffc/ffc_params.c,openssl,crypto/ffc/ffc_params.c,1,0,0,1,crypto/ffc/ffc_params.c,crypto/ffc/ffc_params.c,1,1,0,2,4340,crypto/ffc/ffc_params.c,2,1,0,3,4230
crypto/whrlpool/wp_dgst.c,crypto/whrlpool/wp_dgst.c,openssl,crypto/whrlpool/wp_dgst.c,2,3,1,5,crypto/whrlpool/wp_dgst.c,crypto/whrlpool/wp_dgst.c,1,2,5,8,5126,crypto/whrlpool/wp_dgst.c,11,2,5,18,4447
crypto/rsa/rsa_ossl.c,crypto/rsa/rsa_ossl.c,openssl,crypto/rsa/rsa_ossl.c,4,0,0,4,crypto/rsa/rsa_ossl.c,crypto/rsa/rsa_ossl.c,0,1,3,4,13151,crypto/rsa/rsa_ossl.c,1,1,3,5,12797
crypto/rsa/rsa_mp.c,crypto/rsa/rsa_mp.c,openssl,crypto/rsa/rsa_mp.c,1,0,0,1,crypto/rsa/rsa_mp.c,crypto/rsa/rsa_mp.c,0,0,1,1,1000,crypto/rsa/rsa_mp.c,1,0,1,2,982
crypto/bf/bf_enc.c,crypto/bf/bf_enc.c,openssl,crypto/bf/bf_enc.c,2,0,0,2,crypto/bf/bf_enc.c,crypto/bf/bf_enc.c,0,0,2,2,6665,crypto/bf/bf_enc.c,2,0,2,4,4445
crypto/md4/md4_dgst.c,crypto/md4/md4_dgst.c,openssl,crypto/md4/md4_dgst.c,1,0,0,1,crypto/md4/md4_dgst.c,crypto/md4/md4_dgst.c,0,0,4,4,5036,crypto/md4/md4_dgst.c,3,0,4,7,4726
crypto/modes/cbc128.c,crypto/modes/cbc128.c,openssl,crypto/modes/cbc128.c,10,8,0,18,crypto/modes/cbc128.c,crypto/modes/cbc128.c,0,0,3,3,8142,crypto/modes/cbc128.c,2,0,3,5,7553
crypto/modes/ccm128.c,crypto/modes/ccm128.c,openssl,crypto/modes/ccm128.c,15,2,3,17,crypto/modes/ccm128.c,crypto/modes/ccm128.c,0,0,9,9,27161,crypto/modes/ccm128.c,17,0,9,26,26251
crypto/modes/ctr128.c,crypto/modes/ctr128.c,openssl,crypto/modes/ctr128.c,1,7,4,8,crypto/modes/ctr128.c,crypto/modes/ctr128.c,1,2,3,6,7166,crypto/modes/ctr128.c,3,2,3,8,7144
crypto/modes/ocb128.c,crypto/modes/ocb128.c,openssl,crypto/modes/ocb128.c,5,4,0,9,crypto/modes/ocb128.c,crypto/modes/ocb128.c,3,3,7,13,17618,crypto/modes/ocb128.c,11,3,7,21,13109
crypto/bio/bio_addr.c,crypto/bio/bio_addr.c,openssl,crypto/bio/bio_addr.c,2,1,0,3,crypto/bio/bio_addr.c,crypto/bio/bio_addr.c,4,1,1,6,6578,crypto/bio/bio_addr.c,6,1,1,8,6292
crypto/bio/bss_dgram_pair.c,crypto/bio/bss_dgram_pair.c,openssl,crypto/bio/bss_dgram_pair.c,2,3,0,5,crypto/bio/bss_dgram_pair.c,crypto/bio/bss_dgram_pair.c,2,2,5,9,14157,crypto/bio/bss_dgram_pair.c,5,2,5,12,13507
crypto/rc2/rc2_skey.c,crypto/rc2/rc2_skey.c,openssl,crypto/rc2/rc2_skey.c,3,1,0,4,crypto/rc2/rc2_skey.c,crypto/rc2/rc2_skey.c,0,0,4,4,2570,crypto/rc2/rc2_skey.c,1,0,4,5,2394
crypto/ts/ts_rsp_sign.c,crypto/ts/ts_rsp_sign.c,openssl,crypto/ts/ts_rsp_sign.c,4,1,0,5,crypto/ts/ts_rsp_sign.c,crypto/ts/ts_rsp_sign.c,1,0,3,4,9672,crypto/ts/ts_rsp_sign.c,3,0,3,6,9389
crypto/ripemd/rmd_dgst.c,crypto/ripemd/rmd_dgst.c,openssl,crypto/ripemd/rmd_dgst.c,1,0,0,1,crypto/ripemd/rmd_dgst.c,crypto/ripemd/rmd_dgst.c,0,0,4,4,13291,crypto/ripemd/rmd_dgst.c,3,0,4,7,12981
crypto/x509/x_crl.c,crypto/x509/x_crl.c,openssl,crypto/x509/x_crl.c,5,0,0,5,crypto/x509/x_crl.c,crypto/x509/x_crl.c,2,1,2,5,7280,crypto/x509/x_crl.c,3,1,2,6,7211
crypto/x509/x509cset.c,crypto/x509/x509cset.c,openssl,crypto/x509/x509cset.c,1,0,0,1,crypto/x509/x509cset.c,crypto/x509/x509cset.c,0,1,0,1,1633,crypto/x509/x509cset.c,3,1,0,4,1617
crypto/x509/pcy_cache.c,crypto/x509/pcy_cache.c,openssl,crypto/x509/pcy_cache.c,1,0,0,1,crypto/x509/pcy_cache.c,crypto/x509/pcy_cache.c,0,0,1,1,2041,crypto/x509/pcy_cache.c,1,0,1,2,2002
crypto/ui/ui_lib.c,crypto/ui/ui_lib.c,openssl,crypto/ui/ui_lib.c,4,0,0,4,crypto/ui/ui_lib.c,crypto/ui/ui_lib.c,1,4,0,5,13886,crypto/ui/ui_lib.c,15,4,0,19,13676
crypto/md5/md5_dgst.c,crypto/md5/md5_dgst.c,openssl,crypto/md5/md5_dgst.c,1,0,0,1,crypto/md5/md5_dgst.c,crypto/md5/md5_dgst.c,0,0,3,3,2484,crypto/md5/md5_dgst.c,3,0,3,6,2174
crypto/sm3/sm3.c,crypto/sm3/sm3.c,openssl,crypto/sm3/sm3.c,1,0,0,1,crypto/sm3/sm3.c,crypto/sm3/sm3.c,0,0,4,4,19775,crypto/sm3/sm3.c,2,0,4,6,19395
crypto/store/store_result.c,crypto/store/store_result.c,openssl,crypto/store/store_result.c,0,2,0,2,crypto/store/store_result.c,crypto/store/store_result.c,0,1,1,2,5264,crypto/store/store_result.c,1,1,1,3,5191
crypto/err/err_prn.c,crypto/err/err_prn.c,openssl,crypto/err/err_prn.c,0,2,1,2,crypto/err/err_prn.c,crypto/err/err_prn.c,1,0,3,4,2198,crypto/err/err_prn.c,2,0,3,5,2122
crypto/err/err.c,crypto/err/err.c,openssl,crypto/err/err.c,5,2,0,7,crypto/err/err.c,crypto/err/err.c,2,2,21,25,35067,crypto/err/err.c,66,2,21,89,34690
crypto/err/err_save.c,crypto/err/err_save.c,openssl,crypto/err/err_save.c,6,0,0,6,crypto/err/err_save.c,crypto/err/err_save.c,2,0,6,8,4533,crypto/err/err_save.c,3,0,6,9,4497
crypto/rand/rand_lib.c,crypto/rand/rand_lib.c,openssl,crypto/rand/rand_lib.c,1,0,0,1,crypto/rand/rand_lib.c,crypto/rand/rand_lib.c,0,0,1,1,11339,crypto/rand/rand_lib.c,1,0,1,2,11059
crypto/provider_core.c,crypto/provider_core.c,openssl,crypto/provider_core.c,19,1,0,20,crypto/provider_core.c,crypto/provider_core.c,3,1,18,22,22195,crypto/provider_core.c,6,1,18,25,21814
crypto/pem/pem_lib.c,crypto/pem/pem_lib.c,openssl,crypto/pem/pem_lib.c,5,3,2,8,crypto/pem/pem_lib.c,crypto/pem/pem_lib.c,0,1,8,9,13260,crypto/pem/pem_lib.c,1,1,8,10,12729
crypto/slh_dsa/slh_wots.c,crypto/slh_dsa/slh_wots.c,openssl,crypto/slh_dsa/slh_wots.c,6,0,0,6,crypto/slh_dsa/slh_wots.c,crypto/slh_dsa/slh_wots.c,0,0,9,9,12713,crypto/slh_dsa/slh_wots.c,4,0,9,13,11997
crypto/sha/sha512.c,crypto/sha/sha512.c,openssl,crypto/sha/sha512.c,9,4,0,13,crypto/sha/sha512.c,crypto/sha/sha512.c,3,0,1,4,6799,crypto/sha/sha512.c,10,0,1,11,5318
crypto/sha/sha256.c,crypto/sha/sha256.c,openssl,crypto/sha/sha256.c,3,2,0,5,crypto/sha/sha256.c,crypto/sha/sha256.c,0,0,3,3,5169,crypto/sha/sha256.c,8,0,3,11,3832
crypto/sha/sha1dgst.c,crypto/sha/sha1dgst.c,openssl,crypto/sha/sha1dgst.c,0,0,0,0,crypto/sha/sha1dgst.c,crypto/sha/sha1dgst.c,0,0,3,3,3269,crypto/sha/sha1dgst.c,3,0,3,6,2959
crypto/evp/e_aes_cbc_hmac_sha1.c,crypto/evp/e_aes_cbc_hmac_sha1.c,openssl,crypto/evp/e_aes_cbc_hmac_sha1.c,19,0,1,19,crypto/evp/e_aes_cbc_hmac_sha1.c,crypto/evp/e_aes_cbc_hmac_sha1.c,5,2,7,14,19259,crypto/evp/e_aes_cbc_hmac_sha1.c,9,2,7,18,18436
crypto/evp/e_chacha20_poly1305.c,crypto/evp/e_chacha20_poly1305.c,openssl,crypto/evp/e_chacha20_poly1305.c,5,2,0,7,crypto/evp/e_chacha20_poly1305.c,crypto/evp/e_chacha20_poly1305.c,0,2,5,7,9915,crypto/evp/e_chacha20_poly1305.c,3,2,5,10,9203
crypto/evp/encode.c,crypto/evp/encode.c,openssl,crypto/evp/encode.c,3,3,0,6,crypto/evp/encode.c,crypto/evp/encode.c,0,3,5,8,6345,crypto/evp/encode.c,1,3,5,9,6246
crypto/evp/e_aes_cbc_hmac_sha256.c,crypto/evp/e_aes_cbc_hmac_sha256.c,openssl,crypto/evp/e_aes_cbc_hmac_sha256.c,19,0,1,19,crypto/evp/e_aes_cbc_hmac_sha256.c,crypto/evp/e_aes_cbc_hmac_sha256.c,5,2,7,14,20648,crypto/evp/e_aes_cbc_hmac_sha256.c,9,2,7,18,19613
crypto/evp/pmeth_lib.c,crypto/evp/pmeth_lib.c,openssl,crypto/evp/pmeth_lib.c,2,0,0,2,crypto/evp/pmeth_lib.c,crypto/evp/pmeth_lib.c,0,2,0,2,32229,crypto/evp/pmeth_lib.c,1,2,0,3,30832
ssl/ssl_sess.c,ssl/ssl_sess.c,openssl,ssl/ssl_sess.c,0,3,1,3,ssl/ssl_sess.c,ssl/ssl_sess.c,2,3,5,10,27306,ssl/ssl_sess.c,17,3,5,25,25680
ssl/t1_lib.c,ssl/t1_lib.c,openssl,ssl/t1_lib.c,63,2,0,65,ssl/t1_lib.c,ssl/t1_lib.c,9,15,59,83,58166,ssl/t1_lib.c,11,15,59,85,56741
ssl/ssl_lib.c,ssl/ssl_lib.c,openssl,ssl/ssl_lib.c,24,5,0,29,ssl/ssl_lib.c,ssl/ssl_lib.c,3,6,32,41,114947,ssl/ssl_lib.c,8,6,32,46,110151
ssl/ssl_asn1.c,ssl/ssl_asn1.c,openssl,ssl/ssl_asn1.c,0,0,0,0,ssl/ssl_asn1.c,ssl/ssl_asn1.c,3,0,2,5,9847,ssl/ssl_asn1.c,12,0,2,14,8407
ssl/tls_srp.c,ssl/tls_srp.c,openssl,ssl/tls_srp.c,0,0,0,0,ssl/tls_srp.c,ssl/tls_srp.c,5,0,0,5,9669,ssl/tls_srp.c,8,0,0,8,9167
ssl/record/methods/dtls_meth.c,ssl/record/methods/dtls_meth.c,openssl,ssl/record/methods/dtls_meth.c,0,2,0,2,ssl/record/methods/dtls_meth.c,ssl/record/methods/dtls_meth.c,0,2,1,3,7923,ssl/record/methods/dtls_meth.c,4,2,1,7,7261
ssl/record/methods/tls_common.c,ssl/record/methods/tls_common.c,openssl,ssl/record/methods/tls_common.c,15,3,1,18,ssl/record/methods/tls_common.c,ssl/record/methods/tls_common.c,2,6,18,26,24956,ssl/record/methods/tls_common.c,3,6,18,27,24718
ssl/record/methods/tls13_meth.c,ssl/record/methods/tls13_meth.c,openssl,ssl/record/methods/tls13_meth.c,2,0,0,2,ssl/record/methods/tls13_meth.c,ssl/record/methods/tls13_meth.c,0,0,1,1,5610,ssl/record/methods/tls13_meth.c,1,0,1,2,5296
ssl/record/methods/ssl3_cbc.c,ssl/record/methods/ssl3_cbc.c,openssl,ssl/record/methods/ssl3_cbc.c,9,0,0,9,ssl/record/methods/ssl3_cbc.c,ssl/record/methods/ssl3_cbc.c,3,0,7,10,13410,ssl/record/methods/ssl3_cbc.c,13,0,7,20,10859
ssl/s3_lib.c,ssl/s3_lib.c,openssl,ssl/s3_lib.c,12,0,0,12,ssl/s3_lib.c,ssl/s3_lib.c,2,1,9,12,23960,ssl/s3_lib.c,3,1,9,13,23630
ssl/rio/poll_builder.c,ssl/rio/poll_builder.c,openssl,ssl/rio/poll_builder.c,1,0,2,1,ssl/rio/poll_builder.c,ssl/rio/poll_builder.c,0,0,3,3,1619,ssl/rio/poll_builder.c,1,0,3,4,1139
ssl/quic/quic_record_tx.c,ssl/quic/quic_record_tx.c,openssl,ssl/quic/quic_record_tx.c,11,0,0,11,ssl/quic/quic_record_tx.c,ssl/quic/quic_record_tx.c,0,5,7,12,10597,ssl/quic/quic_record_tx.c,1,5,7,13,10525
ssl/quic/quic_wire_pkt.c,ssl/quic/quic_wire_pkt.c,openssl,ssl/quic/quic_wire_pkt.c,3,0,0,3,ssl/quic/quic_wire_pkt.c,ssl/quic/quic_wire_pkt.c,2,0,3,5,14046,ssl/quic/quic_wire_pkt.c,5,0,3,8,13728
ssl/quic/quic_channel.c,ssl/quic/quic_channel.c,openssl,ssl/quic/quic_channel.c,10,4,2,14,ssl/quic/quic_channel.c,ssl/quic/quic_channel.c,15,4,10,29,48541,ssl/quic/quic_channel.c,16,4,10,30,48263
ssl/quic/quic_rcidm.c,ssl/quic/quic_rcidm.c,openssl,ssl/quic/quic_rcidm.c,0,2,0,2,ssl/quic/quic_rcidm.c,ssl/quic/quic_rcidm.c,0,3,1,4,19461,ssl/quic/quic_rcidm.c,16,3,1,20,17993
ssl/quic/qlog.c,ssl/quic/qlog.c,openssl,ssl/quic/qlog.c,5,1,0,6,ssl/quic/qlog.c,ssl/quic/qlog.c,2,3,4,9,8913,ssl/quic/qlog.c,4,3,4,11,8828
ssl/quic/quic_demux.c,ssl/quic/quic_demux.c,openssl,ssl/quic/quic_demux.c,3,2,0,5,ssl/quic/quic_demux.c,ssl/quic/quic_demux.c,0,5,3,8,10151,ssl/quic/quic_demux.c,2,5,3,10,9642
ssl/quic/quic_wire.c,ssl/quic/quic_wire.c,openssl,ssl/quic/quic_wire.c,4,1,0,5,ssl/quic/quic_wire.c,ssl/quic/quic_wire.c,0,0,9,9,21140,ssl/quic/quic_wire.c,3,0,9,12,20203
ssl/quic/quic_record_rx.c,ssl/quic/quic_record_rx.c,openssl,ssl/quic/quic_record_rx.c,6,2,0,8,ssl/quic/quic_record_rx.c,ssl/quic/quic_record_rx.c,0,7,4,11,22872,ssl/quic/quic_record_rx.c,1,7,4,12,22087
ssl/quic/json_enc.c,ssl/quic/json_enc.c,openssl,ssl/quic/json_enc.c,5,2,0,7,ssl/quic/json_enc.c,ssl/quic/json_enc.c,3,1,10,14,16316,ssl/quic/json_enc.c,6,1,10,17,16162
ssl/statem/statem_srvr.c,ssl/statem/statem_srvr.c,openssl,ssl/statem/statem_srvr.c,10,0,0,10,ssl/statem/statem_srvr.c,ssl/statem/statem_srvr.c,7,1,7,15,51324,ssl/statem/statem_srvr.c,10,1,7,18,50320
ssl/statem/statem_lib.c,ssl/statem/statem_lib.c,openssl,ssl/statem/statem_lib.c,13,4,1,17,ssl/statem/statem_lib.c,ssl/statem/statem_lib.c,4,2,12,18,33318,ssl/statem/statem_lib.c,5,2,12,19,32297
ssl/statem/statem_clnt.c,ssl/statem/statem_clnt.c,openssl,ssl/statem/statem_clnt.c,4,0,0,4,ssl/statem/statem_clnt.c,ssl/statem/statem_clnt.c,4,0,4,8,47184,ssl/statem/statem_clnt.c,6,0,4,10,45942
ssl/statem/statem_dtls.c,ssl/statem/statem_dtls.c,openssl,ssl/statem/statem_dtls.c,1,3,1,4,ssl/statem/statem_dtls.c,ssl/statem/statem_dtls.c,1,6,6,13,17258,ssl/statem/statem_dtls.c,7,6,6,19,16609
ssl/statem/extensions_clnt.c,ssl/statem/extensions_clnt.c,openssl,ssl/statem/extensions_clnt.c,12,3,0,15,ssl/statem/extensions_clnt.c,ssl/statem/extensions_clnt.c,6,3,8,17,29665,ssl/statem/extensions_clnt.c,7,3,8,18,28618
ssl/ssl_conf.c,ssl/ssl_conf.c,openssl,ssl/ssl_conf.c,5,1,0,6,ssl/ssl_conf.c,ssl/ssl_conf.c,0,1,8,9,15828,ssl/ssl_conf.c,1,1,8,10,15652
